"","Mean.Temperature","Max.Temperature","Min.Temperature","Dew.Point","Average.Humidity","Maximum.Humidity","Minimum.Humidity","Precipitation","Sea.Level.Pressure","Wind.Speed","Max.Wind.Speed","Date"
"2015-01-01","1","3","-1","1","97","100","83","0.0","1018.73","13","24",2015-01-01
"2015-01-02","2","4","0","1","95","100","77","4.0","1004.34","24","37",2015-01-02
"2015-01-03","2","2","1","0","87","93","72","2.0","996.12","30","43",2015-01-03
"2015-01-04","0","1","-1","-2","89","100","60","5.0","996.10","23","32",2015-01-04
"2015-01-05","-4","0","-10","-5","85","100","53","1.0","1009.17","20","32",2015-01-05
"2015-01-06","-14","-10","-18","-16","76","92","45","0.0","1027.77","13","26",2015-01-06
"2015-01-07","-16","-11","-21","-19","81","92","59","0.0","1032.36","8","28",2015-01-07
"2015-01-08","-8","-2","-13","-11","78","100","41","0.0","1020.86","25","32",2015-01-08
"2015-01-09","-0","2","-3","-1","94","100","80","2.0","996.93","21","33",2015-01-09
"2015-01-10","0","3","-1","-0","98","100","83","3.0","990.05","11","33",2015-01-10
"2015-01-11","1","2","0","-1","85","100","63","0.7","983.77","33","56",2015-01-11
"2015-01-12","1","3","0","-2","91","100","67","2.0","998.85","21","32",2015-01-12
"2015-01-13","2","5","0","3","90","100","71","2.0","1003.09","24","33",2015-01-13
"2015-01-14","4","5","2","2","83","93","66","0.0","1004.13","18","25",2015-01-14
"2015-01-15","0","2","-2","-1","94","100","71","0.0","1012.87","11","20",2015-01-15
"2015-01-16","1","2","0","-1","89","100","75","0.2","1011.16","23","33",2015-01-16
"2015-01-17","1","2","0","-0","87","93","71","0.0","1009.32","16","28",2015-01-17
"2015-01-18","-1","1","-3","-1","96","100","86","0.0","1016.86","7","15",2015-01-18
"2015-01-19","-2","-1","-4","-2","99","100","90","0.0","1020.56","6","11",2015-01-19
"2015-01-20","-2","-1","-3","-5","79","93","56","0.0","1021.67","13","24",2015-01-20
"2015-01-21","-2","-1","-3","-3","92","100","80","2.0","1018.86","13","20",2015-01-21
"2015-01-22","-0","0","-1","-1","98","100","91","0.4","1021.03","6","11",2015-01-22
"2015-01-23","-0","0","-1","-0","98","100","90","1.0","1019.27","7","13",2015-01-23
"2015-01-24","-0","0","-1","-2","95","100","78","0.0","1020.25","11","17",2015-01-24
"2015-01-25","-0","0","-1","-0","99","100","92","0.6","1018.18","6","11",2015-01-25
"2015-01-26","-2","-1","-2","-2","99","100","91","0.1","1018.94","6","11",2015-01-26
"2015-01-27","-2","-1","-2","-2","96","100","85","0.0","1012.61","10","17",2015-01-27
"2015-01-28","-0","0","-1","-1","96","100","85","0.0","1006.07","9","18",2015-01-28
"2015-01-29","-0","0","-1","-3","86","100","67","0.7","994.34","22","33",2015-01-29
"2015-01-30","-0","1","-2","-1","90","100","75","0.0","988.60","17","30",2015-01-30
"2015-01-31","1","3","-1","1","93","100","73","5.0","976.72","21","32",2015-01-31
"2015-02-01","-0","1","-2","-3","80","93","52","0.0","985.51","23","35",2015-02-01
"2015-02-02","0","3","-2","-3","82","93","52","0.0","993.84","13","26",2015-02-02
"2015-02-03","-2","1","-4","-3","93","100","72","0.0","1001.16","5","11",2015-02-03
"2015-02-04","-1","0","-2","-2","94","100","72","0.0","1010.36","3","7",2015-02-04
"2015-02-05","-2","-1","-4","-3","91","100","69","0.0","1021.31","7","15",2015-02-05
"2015-02-06","-3","-1","-5","-4","91","100","69","0.0","1023.31","11","24",2015-02-06
"2015-02-07","0","0","0","-0","97","100","82","0.3","1007.54","18","32",2015-02-07
"2015-02-08","-2","-1","-4","-4","87","100","59","1.0","996.56","17","30",2015-02-08
"2015-02-09","-6","-2","-10","-7","85","100","58","0.0","1006.89","10","22",2015-02-09
"2015-02-10","-1","1","-3","-2","96","100","81","0.0","1017.38","10","15",2015-02-10
"2015-02-11","-0","0","-1","-0","99","100","92","0.0","1023.28","10","17",2015-02-11
"2015-02-12","-0","0","-1","-1","98","100","86","0.0","1024.63","15","24",2015-02-12
"2015-02-13","-1","0","-2","-2","88","93","74","0.0","1023.77","10","20",2015-02-13
"2015-02-14","1","3","-1","-2","93","100","60","0.0","1020.55","13","20",2015-02-14
"2015-02-15","-3","0","-6","-5","77","100","25","0.0","1027.86","10","26",2015-02-15
"2015-02-16","-6","-2","-10","-16","48","73","14","0.0","1039.89","13","24",2015-02-16
"2015-02-17","-4","0","-9","-15","45","58","18","0.0","1040.48","19","28",2015-02-17
"2015-02-18","-2","1","-6","-6","76","100","39","0.0","1029.72","19","26",2015-02-18
"2015-02-19","1","2","0","1","99","100","91","0.4","1019.23","14","20",2015-02-19
"2015-02-20","3","7","-1","-0","86","100","43","0.0","1013.61","11","20",2015-02-20
"2015-02-21","2","5","-1","-2","78","93","50","0.0","1005.48","14","28",2015-02-21
"2015-02-22","2","6","-1","-1","79","93","46","0.0","1006.79","12","22",2015-02-22
"2015-02-23","2","4","0","1","90","100","75","0.0","1008.03","9","32",2015-02-23
"2015-02-24","4","5","2","3","93","100","79","0.6","1006.79","15","24",2015-02-24
"2015-02-25","4","5","2","3","96","100","82","0.0","1016.73","4","13",2015-02-25
"2015-02-26","3","4","2","3","96","100","82","0.0","1021.54","6","9",2015-02-26
"2015-02-27","2","2","1","1","96","100","86","2.0","1017.02","5","9",2015-02-27
"2015-02-28","1","2","0","1","99","100","89","0.2","1015.77","5","11",2015-02-28
"2015-03-01","2","4","0","2","98","100","91","0.0","1013.05","10","20",2015-03-01
"2015-03-02","4","5","3","3","93","100","87","0.8","1000.28","17","30",2015-03-02
"2015-03-03","2","3","2","0","85","93","65","0.0","1004.86","18","24",2015-03-03
"2015-03-04","0","2","-1","-1","92","100","75","0.3","1012.47","14","22",2015-03-04
"2015-03-05","0","1","0","-0","97","100","78","2.0","1021.50","12","22",2015-03-05
"2015-03-06","0","1","-1","-2","91","100","74","0.0","1030.00","8","14",2015-03-06
"2015-03-07","2","4","-1","0","95","100","80","0.2","1028.82","13","18",2015-03-07
"2015-03-08","6","11","2","2","76","93","41","0.0","1024.11","18","28",2015-03-08
"2015-03-09","7","10","4","2","76","93","42","0.4","1023.02","12","20",2015-03-09
"2015-03-10","5","8","2","4","91","100","58","0.0","1024.07","5","15",2015-03-10
"2015-03-11","4","8","-1","1","88","100","43","0.0","1020.30","7","17",2015-03-11
"2015-03-12","2","4","0","-0","83","100","52","0.0","1027.09","15","32",2015-03-12
"2015-03-13","4","7","0","-2","66","86","41","0.0","1029.09","19","30",2015-03-13
"2015-03-14","4","6","2","-1","66","81","46","0.0","1032.73","13","18",2015-03-14
"2015-03-15","4","9","0","-0","71","87","43","0.0","1041.00","8","17",2015-03-15
"2015-03-16","6","12","-1","-6","45","75","13","0.0","1045.18","8","22",2015-03-16
"2015-03-17","6","13","0","-8","37","65","11","0.0","1044.37","11","22",2015-03-17
"2015-03-18","6","12","-1","-8","38","60","11","0.0","1036.16","5","17",2015-03-18
"2015-03-19","4","11","-3","-10","35","64","10","0.0","1028.96","4","13",2015-03-19
"2015-03-20","3","10","-4","-6","50","80","19","0.0","1019.64","9","26",2015-03-20
"2015-03-21","2","4","-1","-1","79","100","41","3.0","1010.68","10","26",2015-03-21
"2015-03-22","-3","0","-6","-10","61","93","30","0.0","1021.67","19","35",2015-03-22
"2015-03-23","0","4","-3","-9","53","80","21","0.0","1018.05","14","28",2015-03-23
"2015-03-24","6","13","0","-7","40","60","14","0.0","1009.56","18","26",2015-03-24
"2015-03-25","6","12","0","-2","58","87","31","0.0","1013.18","5","17",2015-03-25
"2015-03-26","9","16","2","2","60","87","28","0.0","1014.33","9","28",2015-03-26
"2015-03-27","12","17","7","2","51","68","34","0.0","1011.95","18","30",2015-03-27
"2015-03-28","6","9","4","4","79","100","44","7.0","1012.90","14","26",2015-03-28
"2015-03-29","4","6","1","2","87","100","65","0.9","1006.26","12","32",2015-03-29
"2015-03-30","4","8","0","1","88","100","75","4.0","990.34","24","33",2015-03-30
"2015-03-31","4","7","2","1","79","100","49","1.0","991.59","19","26",2015-03-31
"2015-04-01","2","4","1","2","91","100","76","6.0","985.26","18","24",2015-04-01
"2015-04-02","2","4","0","1","91","100","71","5.0","994.39","17","32",2015-04-02
"2015-04-03","2","3","0","1","96","100","81","3.0","1003.44","11","18",2015-04-03
"2015-04-04","2","4","0","0","93","100","71","1.0","1005.49","10","17",2015-04-04
"2015-04-05","2","5","0","-1","87","100","56","0.0","1011.19","5","17",2015-04-05
"2015-04-06","2","6","-1","-1","81","100","32","0.4","1019.98","6","20",2015-04-06
"2015-04-07","4","8","0","-1","70","100","38","0.3","1023.09","8","24",2015-04-07
"2015-04-08","8","12","3","1","70","95","27","0.0","1019.05","15","41",2015-04-08
"2015-04-09","6","12","0","-4","47","70","22","0.0","1024.52","18","30",2015-04-09
"2015-04-10","9","16","2","0","54","87","21","0.0","1019.62","16","26",2015-04-10
"2015-04-11","10","19","0","1","53","100","20","0.0","1019.34","10","18",2015-04-11
"2015-04-12","8","11","4","1","61","93","22","3.0","1018.68","15","37",2015-04-12
"2015-04-13","7","12","2","1","72","93","29","2.0","1012.30","18","46",2015-04-13
"2015-04-14","5","9","1","-2","64","93","20","0.0","1012.04","21","32",2015-04-14
"2015-04-15","6","12","0","2","81","100","40","0.5","1004.64","18","28",2015-04-15
"2015-04-16","7","9","5","3","74","95","45","0.9","1000.37","26","44",2015-04-16
"2015-04-17","4","8","1","2","83","100","56","6.0","1004.75","15","32",2015-04-17
"2015-04-18","4","7","0","1","82","100","40","0.2","1010.68","11","28",2015-04-18
"2015-04-19","4","6","2","-0","71","93","43","0.0","1011.50","12","26",2015-04-19
"2015-04-20","5","7","3","1","75","87","51","0.5","1008.51","20","37",2015-04-20
"2015-04-21","4","9","0","-2","64","87","33","0.0","1015.31","12","26",2015-04-21
"2015-04-22","6","12","0","-2","55","87","25","0.0","1018.82","7","18",2015-04-22
"2015-04-23","8","16","1","2","61","87","31","0.0","1007.54","19","46",2015-04-23
"2015-04-24","10","13","6","4","67","93","39","0.0","1007.14","20","35",2015-04-24
"2015-04-25","12","20","3","4","63","93","26","0.0","1011.09","10","22",2015-04-25
"2015-04-26","14","19","9","7","61","82","36","0.0","1006.36","12","24",2015-04-26
"2015-04-27","14","20","7","8","68","100","32","0.0","1007.52","6","15",2015-04-27
"2015-04-28","18","25","12","9","58","88","22","0.0","1004.69","14","28",2015-04-28
"2015-04-29","8","11","4","6","79","100","35","5.0","1010.95","12","32",2015-04-29
"2015-04-30","6","14","-1","-1","63","100","18","0.0","1020.35","6","13",2015-04-30
"2015-05-01","10","16","5","-0","44","71","19","0.0","1009.50","11","22",2015-05-01
"2015-05-02","9","13","5","2","63","100","26","0.0","1005.89","14","30",2015-05-02
"2015-05-03","8","12","4","3","72","87","43","0.0","1013.11","13","29",2015-05-03
"2015-05-04","8","15","1","2","64","100","25","0.0","1015.37","7","20",2015-05-04
"2015-05-05","16","21","10","6","52","71","28","0.0","1014.12","9","18",2015-05-05
"2015-05-06","14","15","12","10","79","100","45","21.0","1011.85","14","24",2015-05-06
"2015-05-07","13","17","9","9","83","100","36","0.0","1011.00","10","18",2015-05-07
"2015-05-08","11","15","7","5","66","94","32","0.0","1016.12","12","22",2015-05-08
"2015-05-09","9","16","2","2","61","100","26","0.0","1019.31","4","17",2015-05-09
"2015-05-10","12","19","4","4","57","82","24","0.0","1018.09","6","24",2015-05-10
"2015-05-11","10","12","6","7","78","100","54","0.0","1023.70","10","17",2015-05-11
"2015-05-12","10","18","2","6","75","100","31","0.0","1022.26","7","22",2015-05-12
"2015-05-13","10","13","6","6","71","100","43","1.0","1010.10","17","32",2015-05-13
"2015-05-14","9","14","4","6","84","100","42","4.0","1006.65","10","32",2015-05-14
"2015-05-15","8","12","5","5","81","100","54","0.3","1007.46","8","24",2015-05-15
"2015-05-16","7","12","2","1","65","93","35","0.0","1013.23","12","24",2015-05-16
"2015-05-17","8","12","3","3","71","93","33","0.0","1011.28","11","35",2015-05-17
"2015-05-18","6","10","2","3","74","93","53","5.0","1010.05","17","37",2015-05-18
"2015-05-19","10","20","0","4","67","100","28","0.0","1010.40","10","20",2015-05-19
"2015-05-20","14","16","12","13","92","100","62","8.0","1011.63","8","18",2015-05-20
"2015-05-21","13","16","9","12","91","100","72","0.3","1015.39","11","20",2015-05-21
"2015-05-22","11","15","7","7","80","100","48","1.0","1022.93","7","15",2015-05-22
"2015-05-23","10","17","3","6","78","100","30","1.0","1018.93","4","17",2015-05-23
"2015-05-24","13","17","7","7","71","100","25","0.0","1016.98","6","15",2015-05-24
"2015-05-25","12","21","4","7","60","93","27","0.0","1015.86","4","13",2015-05-25
"2015-05-26","16","21","12","13","78","100","55","0.5","1009.22","9","22",2015-05-26
"2015-05-27","12","15","8","9","94","100","82","15.0","1008.00","16","28",2015-05-27
"2015-05-28","12","17","7","6","69","100","32","0.0","1011.23","9","18",2015-05-28
"2015-05-29","12","19","4","6","66","100","32","0.0","1012.04","6","24",2015-05-29
"2015-05-30","14","22","5","9","73","100","36","6.0","1010.97","8","33",2015-05-30
"2015-05-31","13","18","8","6","62","94","25","0.0","1015.51","9","24",2015-05-31
"2015-06-01","14","22","6","7","59","93","28","0.0","1018.23","9","22",2015-06-01
"2015-06-02","20","27","12","12","60","82","33","0.0","1015.17","10","24",2015-06-02
"2015-06-03","20","26","15","12","58","88","32","0.0","1014.46","14","30",2015-06-03
"2015-06-04","13","17","9","5","58","82","33","0.0","1022.25","16","33",2015-06-04
"2015-06-05","11","19","3","6","64","100","29","0.0","1027.33","6","18",2015-06-05
"2015-06-06","16","24","7","7","58","100","21","0.0","1025.70","7","20",2015-06-06
"2015-06-07","18","24","13","9","55","77","35","0.0","1022.84","12","24",2015-06-07
"2015-06-08","13","19","7","5","55","87","31","0.0","1023.77","11","24",2015-06-08
"2015-06-09","12","17","6","6","60","87","33","0.0","1025.20","11","18",2015-06-09
"2015-06-10","13","20","6","5","54","87","23","0.0","1024.32","8","17",2015-06-10
"2015-06-11","14","21","8","5","49","76","26","0.0","1019.27","9","26",2015-06-11
"2015-06-12","16","25","7","8","58","100","20","0.0","1017.91","7","15",2015-06-12
"2015-06-13","19","24","14","13","69","94","41","0.0","1010.68","9","20",2015-06-13
"2015-06-14","19","26","12","15","80","100","40","1.0","1006.58","8","28",2015-06-14
"2015-06-15","17","21","12","9","63","100","27","0.0","1009.29","11","24",2015-06-15
"2015-06-16","12","18","7","4","52","82","25","0.0","1015.80","10","17",2015-06-16
"2015-06-17","14","19","9","6","57","82","30","0.0","1017.27","7","17",2015-06-17
"2015-06-18","12","19","6","7","64","93","32","0.0","1012.26","7","20",2015-06-18
"2015-06-19","15","18","12","10","71","88","44","1.0","1008.78","9","18",2015-06-19
"2015-06-20","14","19","9","8","65","100","32","0.0","1011.04","4","9",2015-06-20
"2015-06-21","12","14","10","11","87","100","51","0.9","1011.22","7","18",2015-06-21
"2015-06-22","14","19","8","11","85","100","41","0.5","1011.73","6","17",2015-06-22
"2015-06-23","14","18","11","12","86","100","64","4.0","1008.82","12","24",2015-06-23
"2015-06-24","14","18","11","10","77","100","47","0.0","1013.77","17","28",2015-06-24
"2015-06-25","14","19","9","9","71","100","28","0.0","1019.72","6","20",2015-06-25
"2015-06-26","14","20","9","8","66","94","35","0.0","1016.79","7","22",2015-06-26
"2015-06-27","14","20","8","7","62","94","32","0.0","1013.39","8","18",2015-06-27
"2015-06-28","14","22","7","8","61","100","30","0.0","1015.71","4","17",2015-06-28
"2015-06-29","16","24","8","8","54","93","23","0.0","1017.98","3","17",2015-06-29
"2015-06-30","18","23","14","11","63","88","35","0.0","1018.43","9","18",2015-06-30
"2015-07-01","18","22","14","11","67","88","32","0.0","1020.63","11","28",2015-07-01
"2015-07-02","16","23","10","9","56","88","26","0.0","1026.84","11","20",2015-07-02
"2015-07-03","20","28","11","10","49","82","21","0.0","1029.72","3","9",2015-07-03
"2015-07-04","22","31","14","10","47","82","17","0.0","1024.30","8","20",2015-07-04
"2015-07-05","22","29","14","12","51","88","23","0.0","1017.83","5","18",2015-07-05
"2015-07-06","24","32","16","15","64","88","25","3.0","1013.28","8","46",2015-07-06
"2015-07-07","18","24","12","10","60","88","27","0.0","1012.05","16","37",2015-07-07
"2015-07-08","20","28","13","14","72","94","39","8.0","1004.09","8","44",2015-07-08
"2015-07-09","18","22","13","12","70","94","42","0.0","1006.23","10","29",2015-07-09
"2015-07-10","12","15","9","9","82","100","59","0.1","1007.73","15","30",2015-07-10
"2015-07-11","14","18","10","11","84","100","55","3.0","1007.43","13","22",2015-07-11
"2015-07-12","16","20","12","11","76","94","48","0.9","1009.59","13","22",2015-07-12
"2015-07-13","14","19","9","12","82","100","57","1.0","1008.27","7","17",2015-07-13
"2015-07-14","16","20","13","13","85","100","54","2.0","1008.35","6","20",2015-07-14
"2015-07-15","16","20","13","13","87","100","64","8.0","1011.26","9","24",2015-07-15
"2015-07-16","15","20","10","10","72","94","38","0.0","1015.38","13","20",2015-07-16
"2015-07-17","14","21","7","8","66","100","29","0.0","1014.42","10","32",2015-07-17
"2015-07-18","16","24","9","10","62","100","27","0.0","1015.10","8","18",2015-07-18
"2015-07-19","19","24","14","11","60","94","25","0.0","1011.05","11","26",2015-07-19
"2015-07-20","15","18","12","12","78","100","56","0.0","1003.67","18","33",2015-07-20
"2015-07-21","17","22","12","11","68","88","38","0.0","1012.09","15","22",2015-07-21
"2015-07-22","18","22","14","12","67","94","38","0.0","1011.75","13","28",2015-07-22
"2015-07-23","16","21","12","14","82","100","56","11.0","1011.56","9","24",2015-07-23
"2015-07-24","16","21","10","10","69","100","37","0.0","1015.69","12","22",2015-07-24
"2015-07-25","18","26","10","11","61","94","34","0.0","1013.62","7","24",2015-07-25
"2015-07-26","20","23","15","14","75","88","45","0.4","1007.52","13","26",2015-07-26
"2015-07-27","16","22","11","9","63","94","29","0.0","1008.74","6","11",2015-07-27
"2015-07-28","16","20","12","12","78","100","50","8.0","1003.06","7","33",2015-07-28
"2015-07-29","16","22","11","12","77","100","40","0.0","1004.68","11","28",2015-07-29
"2015-07-30","14","18","11","10","75","94","43","0.5","1006.25","14","30",2015-07-30
"2015-07-31","16","19","12","11","77","94","53","3.0","1010.98","15","28",2015-07-31
"2015-08-01","14","18","11","10","76","94","43","0.0","1018.47","11","22",2015-08-01
"2015-08-02","15","23","7","8","67","100","23","0.0","1023.45","5","15",2015-08-02
"2015-08-03","18","28","9","10","55","88","20","0.0","1020.98","4","11",2015-08-03
"2015-08-04","22","30","14","13","56","88","23","0.0","1020.05","3","11",2015-08-04
"2015-08-05","24","32","17","14","52","78","20","0.0","1018.59","5","13",2015-08-05
"2015-08-06","26","33","18","14","50","77","20","0.0","1018.98","7","18",2015-08-06
"2015-08-07","24","31","18","15","53","78","28","0.0","1021.02","6","13",2015-08-07
"2015-08-08","26","34","19","14","49","73","19","0.0","1020.77","5","20",2015-08-08
"2015-08-09","23","27","19","17","70","100","36","18.0","1017.79","11","30",2015-08-09
"2015-08-10","22","27","17","18","79","100","46","0.0","1018.18","6","22",2015-08-10
"2015-08-11","24","31","17","17","65","88","33","0.0","1017.81","7","17",2015-08-11
"2015-08-12","26","32","19","15","53","78","21","0.0","1017.81","6","20",2015-08-12
"2015-08-13","20","24","16","14","68","88","35","0.0","1018.14","11","26",2015-08-13
"2015-08-14","17","24","10","8","56","94","22","0.0","1020.48","9","20",2015-08-14
"2015-08-15","18","26","11","7","48","77","18","0.0","1015.79","4","11",2015-08-15
"2015-08-16","18","24","12","9","54","82","25","0.0","1015.95","7","18",2015-08-16
"2015-08-17","14","19","10","8","66","87","39","0.0","1020.68","12","24",2015-08-17
"2015-08-18","14","21","8","6","60","93","24","0.0","1021.95","9","20",2015-08-18
"2015-08-19","14","20","8","6","58","87","28","0.0","1025.64","7","17",2015-08-19
"2015-08-20","14","22","7","5","51","76","20","0.0","1029.25","5","11",2015-08-20
"2015-08-21","16","25","8","6","49","79","18","0.0","1028.52","5","13",2015-08-21
"2015-08-22","18","26","11","8","50","77","22","0.0","1024.18","5","15",2015-08-22
"2015-08-23","20","27","12","9","51","77","21","0.0","1021.25","6","15",2015-08-23
"2015-08-24","21","28","14","10","47","72","19","0.0","1019.79","7","20",2015-08-24
"2015-08-25","23","31","15","9","40","64","14","0.0","1016.16","13","30",2015-08-25
"2015-08-26","18","22","13","13","73","100","35","0.0","1017.19","13","24",2015-08-26
"2015-08-27","18","26","11","11","67","100","27","0.0","1018.30","8","22",2015-08-27
"2015-08-28","21","26","16","14","67","94","37","2.0","1013.81","14","33",2015-08-28
"2015-08-29","16","20","11","11","75","100","37","0.0","1020.61","14","30",2015-08-29
"2015-08-30","14","23","6","9","69","100","31","0.0","1022.81","6","18",2015-08-30
"2015-08-31","19","25","13","10","57","88","28","0.0","1018.18","3","9",2015-08-31
"2015-09-01","24","33","15","12","51","72","25","0.0","1009.59","9","22",2015-09-01
"2015-09-02","18","21","15","15","81","100","58","0.5","1008.05","7","22",2015-09-02
"2015-09-03","14","19","9","11","81","100","49","0.0","1014.34","7","15",2015-09-03
"2015-09-04","12","17","6","9","86","100","53","4.0","1013.50","3","13",2015-09-04
"2015-09-05","14","17","10","11","87","100","55","0.9","1009.63","12","26",2015-09-05
"2015-09-06","14","17","10","11","88","100","58","1.0","1006.11","11","22",2015-09-06
"2015-09-07","12","16","8","8","80","94","56","1.0","1005.26","6","17",2015-09-07
"2015-09-08","10","12","8","9","92","100","82","11.0","1010.15","13","22",2015-09-08
"2015-09-09","12","16","9","10","84","100","46","0.0","1020.60","8","20",2015-09-09
"2015-09-10","12","18","5","7","75","100","39","0.0","1029.19","4","13",2015-09-10
"2015-09-11","12","17","7","8","71","96","42","0.0","1032.07","4","15",2015-09-11
"2015-09-12","12","17","8","8","71","88","49","0.0","1029.98","8","17",2015-09-12
"2015-09-13","14","18","9","9","76","94","42","0.0","1026.84","10","20",2015-09-13
"2015-09-14","13","18","8","7","64","87","30","0.0","1022.61","16","32",2015-09-14
"2015-09-15","14","16","11","10","82","94","52","0.5","1015.68","18","26",2015-09-15
"2015-09-16","18","24","13","14","77","94","51","0.0","1010.93","14","24",2015-09-16
"2015-09-17","21","26","16","15","67","78","44","0.0","1007.27","15","24",2015-09-17
"2015-09-18","14","19","10","13","75","94","47","0.0","1011.18","14","30",2015-09-18
"2015-09-19","15","20","10","9","75","100","32","0.0","1019.49","6","17",2015-09-19
"2015-09-20","12","17","6","10","84","100","45","1.0","1016.28","3","7",2015-09-20
"2015-09-21","12","15","8","10","91","100","70","2.0","1010.84","8","18",2015-09-21
"2015-09-22","10","14","6","9","93","100","61","0.0","1015.26","10","15",2015-09-22
"2015-09-23","14","21","8","9","69","87","43","0.0","1014.59","13","30",2015-09-23
"2015-09-24","19","25","13","15","82","100","51","0.0","1017.55","6","13",2015-09-24
"2015-09-25","16","17","15","16","93","100","85","2.0","1015.72","8","15",2015-09-25
"2015-09-26","12","13","12","13","95","100","82","0.1","1016.07","13","28",2015-09-26
"2015-09-27","12","15","8","8","80","100","55","0.3","1021.34","13","24",2015-09-27
"2015-09-28","8","14","3","6","85","100","54","0.2","1028.02","7","17",2015-09-28
"2015-09-29","9","12","6","6","82","100","50","0.0","1034.53","9","20",2015-09-29
"2015-09-30","8","14","2","4","81","100","39","0.0","1035.76","5","11",2015-09-30
"2015-10-01","8","14","2","5","84","100","54","0.0","1028.74","10","24",2015-10-01
"2015-10-02","9","12","6","7","87","100","68","0.0","1020.69","12","26",2015-10-02
"2015-10-03","10","15","6","9","87","100","59","0.0","1019.14","10","22",2015-10-03
"2015-10-04","12","19","4","8","86","100","50","0.0","1016.80","9","20",2015-10-04
"2015-10-05","13","18","8","11","85","100","56","0.0","1013.76","6","17",2015-10-05
"2015-10-06","6","9","1","2","71","94","35","0.0","1018.66","14","24",2015-10-06
"2015-10-07","4","8","-1","-3","68","93","30","0.0","1026.21","8","15",2015-10-07
"2015-10-08","2","6","-3","-4","67","93","29","0.0","1026.86","3","9",2015-10-08
"2015-10-09","2","6","-2","-5","59","75","29","0.0","1026.07","6","22",2015-10-09
"2015-10-10","1","5","-3","-4","69","93","34","0.0","1026.54","3","13",2015-10-10
"2015-10-11","2","5","0","-3","66","92","36","0.0","1027.14","6","13",2015-10-11
"2015-10-12","2","8","-4","-4","66","87","34","0.0","1029.89","4","15",2015-10-12
"2015-10-13","4","9","-2","-3","62","86","27","0.0","1028.40","7","20",2015-10-13
"2015-10-14","6","10","2","-2","59","75","28","0.0","1028.72","9","17",2015-10-14
"2015-10-15","4","10","-2","-2","65","86","32","0.0","1031.90","7","30",2015-10-15
"2015-10-16","5","9","1","-2","55","75","26","0.0","1028.20","15","28",2015-10-16
"2015-10-17","6","8","4","1","61","87","32","0.0","1022.00","12","18",2015-10-17
"2015-10-18","7","8","6","6","91","100","69","0.5","1015.19","3","9",2015-10-18
"2015-10-19","6","9","3","6","94","100","66","0.0","1017.16","5","17",2015-10-19
"2015-10-20","6","9","3","5","89","100","73","0.0","1019.77","8","18",2015-10-20
"2015-10-21","4","4","4","4","92","100","81","1.0","1014.21","11","15",2015-10-21
"2015-10-22","3","4","2","2","94","100","82","0.0","1013.33","8","15",2015-10-22
"2015-10-23","6","10","3","7","98","100","93","3.0","1007.95","16","22",2015-10-23
"2015-10-24","7","12","2","7","86","100","59","0.0","1016.35","12","18",2015-10-24
"2015-10-25","4","8","1","5","95","100","81","0.0","1016.96","6","18",2015-10-25
"2015-10-26","7","10","3","4","81","93","53","0.0","1017.29","17","26",2015-10-26
"2015-10-27","4","9","-1","2","89","100","67","0.0","1022.95","9","24",2015-10-27
"2015-10-28","3","7","-2","-2","70","93","29","0.0","1026.77","8","17",2015-10-28
"2015-10-29","2","7","-2","-5","62","86","27","0.0","1027.29","11","22",2015-10-29
"2015-10-30","4","10","-3","-3","69","86","36","0.0","1032.79","5","11",2015-10-30
"2015-10-31","4","9","-2","-1","77","93","48","0.0","1040.25","6","17",2015-10-31
"2015-11-01","6","11","0","1","77","93","42","0.0","1031.11","13","22",2015-11-01
"2015-11-02","6","9","4","6","86","100","71","0.0","1023.43","14","22",2015-11-02
"2015-11-03","8","10","6","6","87","100","72","0.0","1023.20","10","18",2015-11-03
"2015-11-04","4","4","3","4","99","100","89","0.0","1018.54","12","20",2015-11-04
"2015-11-05","4","6","2","4","94","100","81","0.0","1023.70","5","11",2015-11-05
"2015-11-06","4","5","4","3","90","93","80","0.0","1025.46","9","17",2015-11-06
"2015-11-07","4","6","1","2","86","100","63","0.0","1023.12","13","24",2015-11-07
"2015-11-08","6","9","2","6","97","100","87","14.0","1010.28","20","32",2015-11-08
"2015-11-09","7","8","6","6","91","100","73","0.0","1011.61","15","24",2015-11-09
"2015-11-10","7","9","5","6","87","95","75","0.0","1000.35","18","32",2015-11-10
"2015-11-11","9","12","6","6","84","100","60","0.0","1005.55","12","25",2015-11-11
"2015-11-12","8","10","6","7","93","100","79","9.0","1010.08","12","33",2015-11-12
"2015-11-13","6","8","5","5","83","93","73","0.0","1018.66","15","25",2015-11-13
"2015-11-14","5","6","4","4","91","100","75","8.0","1007.14","18","32",2015-11-14
"2015-11-15","4","5","2","3","91","100","78","0.0","1004.07","15","24",2015-11-15
"2015-11-16","2","4","1","3","94","100","87","0.0","1010.09","6","15",2015-11-16
"2015-11-17","6","8","3","5","96","100","87","8.0","1007.30","17","22",2015-11-17
"2015-11-18","8","10","7","9","96","100","89","11.0","996.81","17","29",2015-11-18
"2015-11-19","6","8","4","5","92","100","87","7.0","998.68","17","30",2015-11-19
"2015-11-20","5","6","4","4","91","100","81","2.0","991.98","20","30",2015-11-20
"2015-11-21","2","5","-1","1","86","100","60","0.0","993.80","8","15",2015-11-21
"2015-11-22","0","1","-1","-1","93","100","83","0.1","1000.51","7","15",2015-11-22
"2015-11-23","0","2","-1","0","98","100","87","1.0","1012.54","7","24",2015-11-23
"2015-11-24","-1","0","-2","-2","92","100","75","0.0","1019.68","14","22",2015-11-24
"2015-11-25","-2","0","-4","-5","80","93","51","0.0","1015.54","14","24",2015-11-25
"2015-11-26","-3","0","-6","-6","81","93","64","0.0","1015.21","16","26",2015-11-26
"2015-11-27","-3","-1","-5","-5","91","100","26","0.0","1019.64","14","20",2015-11-27
"2015-11-28","-3","0","-6","-5","81","100","58","0.0","1012.12","13","18",2015-11-28
"2015-11-29","0","1","0","-0","99","100","93","0.0","1006.26","14","161",2015-11-29
"2015-11-30","2","3","0","1","97","100","90","5.0","996.95","18","30",2015-11-30
"2015-12-01","2","2","1","1","91","93","77","0.2","1000.14","18","26",2015-12-01
"2015-12-02","-0","3","-4","-1","87","100","68","0.0","1015.36","13","22",2015-12-02
"2015-12-03","2","6","-2","2","100","100","95","1.0","1023.85","10","18",2015-12-03
"2015-12-04","6","7","4","5","95","100","75","0.0","1021.82","16","35",2015-12-04
"2015-12-05","6","7","4","3","76","87","49","0.0","1017.32","24","33",2015-12-05
"2015-12-06","7","8","6","0","61","76","40","0.0","1012.26","27","37",2015-12-06
"2015-12-07","6","7","5","3","73","93","54","0.0","1019.21","28","41",2015-12-07
"2015-12-08","0","1","0","1","97","100","83","0.0","1034.88","12","24",2015-12-08
"2015-12-09","-1","0","-2","-1","95","100","81","0.0","1029.72","17","26",2015-12-09
"2015-12-10","2","5","0","1","95","100","72","0.0","1027.86","14","24",2015-12-10
"2015-12-11","0","1","0","-1","91","100","75","0.4","1018.10","20","30",2015-12-11
"2015-12-12","2","3","0","1","93","100","82","0.6","1007.84","18","26",2015-12-12
"2015-12-13","1","2","0","1","95","100","86","4.0","1008.37","13","20",2015-12-13
"2015-12-14","-0","1","-2","-1","91","100","78","0.0","1018.41","11","20",2015-12-14
"2015-12-15","-2","1","-6","-3","96","100","77","0.0","1026.82","5","7",2015-12-15
"2015-12-16","-2","1","-6","-4","88","100","51","0.0","1029.51","8","18",2015-12-16
"2015-12-17","-2","1","-5","-1","99","100","94","1.0","1021.03","11","22",2015-12-17
"2015-12-18","4","9","0","5","100","100","95","1.0","1012.60","10","22",2015-12-18
"2015-12-19","7","8","6","7","92","100","86","1.0","1014.57","20","30",2015-12-19
"2015-12-20","8","8","7","7","97","100","92","0.0","1017.64","15","22",2015-12-20
"2015-12-21","6","6","5","5","96","100","86","7.0","1013.96","16","24",2015-12-21
"2015-12-22","5","6","4","4","89","100","76","2.0","1008.12","21","39",2015-12-22
"2015-12-23","7","10","4","7","91","100","73","2.0","1011.34","20","32",2015-12-23
"2015-12-24","3","6","0","2","82","100","66","0.0","1022.07","21","33",2015-12-24
"2015-12-25","2","5","0","2","96","100","78","2.0","1019.25","18","28",2015-12-25
"2015-12-26","2","3","2","1","91","100","76","2.0","1013.98","17","24",2015-12-26
"2015-12-27","-2","0","-3","-3","85","100","64","2.0","1022.44","11","22",2015-12-27
"2015-12-28","-6","-2","-10","-6","88","100","63","1.0","1027.03","14","24",2015-12-28
"2015-12-29","-7","-3","-11","-8","88","93","68","0.0","1040.45","7","17",2015-12-29
"2015-12-30","-10","-4","-15","-12","88","93","65","0.0","1043.79","3","7",2015-12-30
"2015-12-31","-12","-8","-17","-15","86","93","69","0.0","1036.52","3","7",2015-12-31
"2016-01-01","-12","-9","-14","-13","78","93","58","0.0","1032.68","5","13",2016-01-01
"2016-01-02","-16","-14","-18","-18","82","92","65","0.0","1036.88","8","13",2016-01-02
"2016-01-03","-18","-15","-22","-20","82","85","69","0.0","1025.67","5","13",2016-01-03
"2016-01-04","-16","-12","-20","-19","81","92","66","0.0","1010.77","9","15",2016-01-04
"2016-01-05","-18","-14","-22","-20","82","92","56","0.0","1006.14","3","7",2016-01-05
"2016-01-06","-17","-12","-22","-20","80","85","63","0.0","1009.54","3","7",2016-01-06
"2016-01-07","-16","-12","-19","-18","81","85","69","0.0","1009.30","6","15",2016-01-07
"2016-01-08","-15","-10","-20","-18","81","86","70","0.0","1006.65","6","9",2016-01-08
"2016-01-09","-8","-6","-11","-10","84","92","77","0.0","1005.46","4","7",2016-01-09
"2016-01-10","-4","-2","-6","-6","86","93","80","0.0","1010.02","7","17",2016-01-10
"2016-01-11","-4","-3","-5","-5","91","100","81","5.0","1000.40","18","28",2016-01-11
"2016-01-12","-4","-3","-5","-5","95","100","85","0.0","987.50","11","20",2016-01-12
"2016-01-13","-4","-1","-6","-6","85","100","62","0.3","993.57","15","30",2016-01-13
"2016-01-14","-6","-3","-9","-6","90","100","77","1.0","1003.22","18","28",2016-01-14
"2016-01-15","-10","-5","-15","-11","87","100","73","0.0","1010.22","5","13",2016-01-15
"2016-01-16","-9","-7","-11","-11","83","93","41","0.0","1009.79","14","26",2016-01-16
"2016-01-17","-8","-4","-12","-9","91","100","77","0.0","1015.08","7","13",2016-01-17
"2016-01-18","-6","-2","-11","-8","93","100","68","0.0","1016.73","5","11",2016-01-18
"2016-01-19","-11","-8","-14","-11","88","93","67","0.0","1013.97","7","17",2016-01-19
"2016-01-20","-8","-6","-10","-9","87","93","69","0.0","1011.00","15","20",2016-01-20
"2016-01-21","-12","-8","-15","-13","86","93","66","0.0","1016.02","9","13",2016-01-21
"2016-01-22","-12","-7","-18","-13","84","93","72","0.3","1027.46","5","15",2016-01-22
"2016-01-23","-10","-8","-12","-10","91","100","79","0.0","1030.85","6","11",2016-01-23
"2016-01-24","-10","-6","-13","-11","91","100","76","0.2","1026.23","11","20",2016-01-24
"2016-01-25","-4","0","-7","-1","98","100","86","1.0","1017.80","9","15",2016-01-25
"2016-01-26","1","3","-1","-0","96","100","87","6.0","1016.90","13","37",2016-01-26
"2016-01-27","3","5","1","3","98","100","87","4.0","1008.77","17","26",2016-01-27
"2016-01-28","4","6","3","4","93","100","69","7.0","1004.74","21","37",2016-01-28
"2016-01-29","2","3","0","-1","82","93","64","0.0","1013.75","24","33",2016-01-29
"2016-01-30","3","6","0","3","88","100","73","0.3","1007.37","23","32",2016-01-30
"2016-01-31","2","2","1","0","87","100","69","1.0","995.78","22","32",2016-01-31
"2016-02-01","1","2","0","-1","86","100","67","0.0","1002.98","17","26",2016-02-01
"2016-02-02","4","7","0","2","87","100","70","1.0","998.69","26","41",2016-02-02
"2016-02-03","4","5","2","0","81","93","60","2.0","997.37","27","44",2016-02-03
"2016-02-04","1","2","0","-1","89","100","78","0.5","1004.28","17","28",2016-02-04
"2016-02-05","0","2","-1","-2","81","87","68","0.0","1012.41","17","28",2016-02-05
"2016-02-06","0","3","-3","-2","79","93","62","0.0","1019.16","13","28",2016-02-06
"2016-02-07","3","6","0","-1","76","93","53","0.0","1013.70","21","32",2016-02-07
"2016-02-08","2","4","0","-0","83","93","64","0.7","1006.70","22","32",2016-02-08
"2016-02-09","6","9","2","2","77","93","49","0.0","999.71","22","33",2016-02-09
"2016-02-10","4","6","3","2","80","93","63","1.0","995.09","20","32",2016-02-10
"2016-02-11","2","4","0","1","95","100","87","11.0","991.05","16","22",2016-02-11
"2016-02-12","0","1","0","0","96","100","92","2.0","1000.98","17","24",2016-02-12
"2016-02-13","2","4","0","-1","87","100","56","0.0","1003.88","16","30",2016-02-13
"2016-02-14","0","0","0","-0","97","100","87","0.6","997.73","13","22",2016-02-14
"2016-02-15","2","3","0","1","97","100","86","0.0","1007.12","6","13",2016-02-15
"2016-02-16","-2","1","-5","-2","86","100","70","0.0","1024.59","13","22",2016-02-16
"2016-02-17","-2","2","-7","-6","83","100","44","0.0","1037.05","5","24",2016-02-17
"2016-02-18","-1","1","-3","-6","64","81","41","1.0","1025.18","24","35",2016-02-18
"2016-02-19","1","2","0","-4","68","75","47","0.0","1017.36","15","24",2016-02-19
"2016-02-20","0","0","0","-2","89","100","70","1.0","1014.44","20","28",2016-02-20
"2016-02-21","0","1","0","-1","95","100","84","6.0","1002.41","21","28",2016-02-21
"2016-02-22","2","3","0","0","93","100","77","0.8","992.41","17","33",2016-02-22
"2016-02-23","2","4","-1","-0","88","100","63","0.8","1001.02","17","28",2016-02-23
"2016-02-24","1","3","-1","-0","93","100","74","0.8","1005.33","11","20",2016-02-24
"2016-02-25","-0","2","-3","-2","85","100","61","0.0","1007.41","13","24",2016-02-25
"2016-02-26","0","3","-3","-4","82","100","49","0.0","1009.27","13","18",2016-02-26
"2016-02-27","-2","1","-4","-5","75","93","52","0.0","1016.32","12","22",2016-02-27
"2016-02-28","-2","0","-4","-3","88","93","69","2.0","1019.72","9","22",2016-02-28
"2016-02-29","-1","1","-3","-4","80","100","43","0.0","1025.36","7","18",2016-02-29
"2016-03-01","-2","0","-3","-4","79","93","59","0.2","1016.36","14","26",2016-03-01
"2016-03-02","-2","0","-3","-4","79","93","59","0.0","1004.16","11","18",2016-03-02
"2016-03-03","0","1","0","-1","87","95","66","0.0","1007.68","11","22",2016-03-03
"2016-03-04","-1","0","-2","-5","76","93","55","0.0","1008.47","12","20",2016-03-04
"2016-03-05","0","2","-2","-5","69","86","47","0.0","1007.14","3","7",2016-03-05
"2016-03-06","0","3","-2","-1","81","93","68","0.0","1004.16","12","22",2016-03-06
"2016-03-07","2","5","0","3","96","100","81","7.0","1006.89","9","17",2016-03-07
"2016-03-08","4","6","1","4","100","100","93","9.0","1007.27","8","22",2016-03-08
"2016-03-09","2","4","0","0","86","100","67","0.0","1018.44","9","15",2016-03-09
"2016-03-10","2","4","1","2","94","100","76","0.0","1022.00","10","17",2016-03-10
"2016-03-11","3","4","2","3","97","100","93","2.0","1024.16","8","13",2016-03-11
"2016-03-12","-0","2","-3","1","95","100","75","0.2","1027.42","12","24",2016-03-12
"2016-03-13","0","5","-4","-4","74","93","41","0.0","1032.00","13","22",2016-03-13
"2016-03-14","-1","1","-3","-2","97","100","85","2.0","1025.28","9","18",2016-03-14
"2016-03-15","1","3","-1","-2","83","100","64","0.0","1027.31","11","18",2016-03-15
"2016-03-16","2","4","-1","-2","78","93","57","0.0","1029.43","10","26",2016-03-16
"2016-03-17","4","7","1","2","89","100","68","0.0","1017.22","17","26",2016-03-17
"2016-03-18","-0","4","-5","-4","73","93","29","0.0","1005.47","20","41",2016-03-18
"2016-03-19","-3","0","-6","-7","76","100","22","3.0","1008.47","13","33",2016-03-19
"2016-03-20","-2","0","-5","-6","75","100","37","0.0","1006.54","5","13",2016-03-20
"2016-03-21","0","4","-3","-1","90","100","73","0.3","1004.12","11","18",2016-03-21
"2016-03-22","-2","1","-4","-2","88","100","60","3.0","1003.06","10","22",2016-03-22
"2016-03-23","-2","1","-5","-8","64","93","31","0.0","1009.92","7","15",2016-03-23
"2016-03-24","-0","4","-5","-9","56","80","23","0.0","1011.05","7","17",2016-03-24
"2016-03-25","0","7","-6","-8","56","80","23","0.0","1012.75","5","15",2016-03-25
"2016-03-26","4","9","0","-4","57","81","27","0.0","1015.19","8","13",2016-03-26
"2016-03-27","4","11","-3","-3","61","93","24","0.0","1018.65","5","17",2016-03-27
"2016-03-28","6","13","0","-5","47","70","18","0.0","1014.58","8","15",2016-03-28
"2016-03-29","7","14","0","-6","37","57","15","0.0","1007.56","13","28",2016-03-29
"2016-03-30","6","8","3","4","90","100","54","2.0","1007.51","12","20",2016-03-30
"2016-03-31","6","8","3","2","86","100","61","0.7","1008.48","14","37",2016-03-31
"2016-04-01","4","7","1","0","82","100","42","2.0","1010.27","10","30",2016-04-01
"2016-04-02","5","10","0","-3","60","93","20","0.0","1020.25","16","28",2016-04-02
"2016-04-03","5","12","-2","-4","54","93","17","0.0","1020.98","7","17",2016-04-03
"2016-04-04","9","17","1","-3","41","70","15","0.0","1013.98","7","13",2016-04-04
"2016-04-05","10","16","5","-1","40","57","19","0.0","1011.62","9","18",2016-04-05
"2016-04-06","11","18","4","4","63","100","33","0.8","1006.49","13","32",2016-04-06
"2016-04-07","8","15","2","5","79","100","38","0.0","1011.03","10","30",2016-04-07
"2016-04-08","11","16","6","4","59","76","38","0.0","1010.07","12","22",2016-04-08
"2016-04-09","9","10","8","1","54","62","33","0.0","1009.14","14","24",2016-04-09
"2016-04-10","9","11","7","1","56","76","27","0.0","1012.09","17","32",2016-04-10
"2016-04-11","9","11","7","2","59","71","36","0.0","1015.78","17","30",2016-04-11
"2016-04-12","10","13","6","4","71","93","44","0.0","1013.91","8","15",2016-04-12
"2016-04-13","9","12","6","7","88","100","45","2.0","1004.97","8","20",2016-04-13
"2016-04-14","5","6","4","5","93","100","81","0.6","1001.40","14","22",2016-04-14
"2016-04-15","6","11","0","-1","66","100","23","0.0","1008.23","9","15",2016-04-15
"2016-04-16","7","13","1","0","59","75","38","0.0","1008.84","12","28",2016-04-16
"2016-04-17","12","17","7","8","80","100","45","5.0","1005.08","14","39",2016-04-17
"2016-04-18","6","9","1","2","73","100","50","0.0","1012.19","14","26",2016-04-18
"2016-04-19","5","10","0","1","82","100","48","5.0","1012.18","11","37",2016-04-19
"2016-04-20","4","8","1","1","80","100","46","1.0","1012.05","17","33",2016-04-20
"2016-04-21","6","11","1","-3","55","81","23","0.0","1015.82","18","28",2016-04-21
"2016-04-22","6","8","3","3","86","93","49","6.0","1004.73","15","33",2016-04-22
"2016-04-23","6","11","1","0","71","100","28","0.0","1008.63","12","24",2016-04-23
"2016-04-24","6","8","4","2","78","93","53","3.0","1002.81","11","24",2016-04-24
"2016-04-25","2","2","1","0","90","100","66","6.0","1005.86","9","18",2016-04-25
"2016-04-26","2","4","1","2","93","100","87","1.0","1003.41","13","24",2016-04-26
"2016-04-27","8","15","0","1","68","100","24","0.0","1008.33","10","26",2016-04-27
"2016-04-28","8","14","3","1","63","93","37","2.0","1012.96","14","35",2016-04-28
"2016-04-29","8","13","2","2","70","93","34","0.0","1022.81","10","26",2016-04-29
"2016-04-30","7","14","0","4","78","100","35","0.8","1024.08","6","22",2016-04-30
"2016-05-01","11","15","7","7","79","93","60","1.0","1023.33","11","18",2016-05-01
"2016-05-02","12","18","6","8","80","100","40","0.0","1022.86","5","15",2016-05-02
"2016-05-03","12","18","5","7","75","100","36","0.8","1018.23","4","17",2016-05-03
"2016-05-04","12","19","4","7","72","100","36","0.0","1018.64","5","24",2016-05-04
"2016-05-05","14","20","7","5","55","93","21","0.0","1021.55","11","30",2016-05-05
"2016-05-06","14","21","8","4","48","76","15","0.0","1021.00","10","24",2016-05-06
"2016-05-07","14","22","6","3","39","64","18","0.0","1021.64","6","18",2016-05-07
"2016-05-08","16","24","8","4","39","65","14","0.0","1023.14","7","17",2016-05-08
"2016-05-09","17","25","9","4","35","59","16","0.0","1023.49","6","18",2016-05-09
"2016-05-10","16","25","8","7","52","87","21","0.0","1020.49","5","18",2016-05-10
"2016-05-11","15","22","8","9","64","93","38","0.0","1014.10","5","22",2016-05-11
"2016-05-12","16","21","10","9","69","94","32","0.0","1009.36","7","17",2016-05-12
"2016-05-13","14","20","8","7","58","77","34","0.0","1003.11","11","24",2016-05-13
"2016-05-14","15","18","12","11","74","88","57","7.0","998.88","13","28",2016-05-14
"2016-05-15","10","14","6","8","80","94","45","5.0","1002.00","13","28",2016-05-15
"2016-05-16","8","13","2","3","69","100","34","0.2","1009.12","14","32",2016-05-16
"2016-05-17","8","13","3","3","71","100","39","0.0","1010.21","12","22",2016-05-17
"2016-05-18","8","15","1","3","70","100","37","0.0","1011.79","4","15",2016-05-18
"2016-05-19","10","18","2","3","58","100","23","0.0","1013.81","3","11",2016-05-19
"2016-05-20","11","18","4","4","57","87","27","0.0","1012.72","7","26",2016-05-20
"2016-05-21","14","20","7","7","62","82","40","0.0","1013.18","11","32",2016-05-21
"2016-05-22","14","20","7","7","62","100","30","0.0","1017.31","8","18",2016-05-22
"2016-05-23","15","23","7","6","51","90","21","0.0","1016.23","4","11",2016-05-23
"2016-05-24","16","23","8","7","52","81","24","0.0","1012.27","7","22",2016-05-24
"2016-05-25","16","22","11","11","75","100","39","13.0","1008.62","7","28",2016-05-25
"2016-05-26","14","19","8","11","81","100","53","0.0","1012.57","7","20",2016-05-26
"2016-05-27","15","23","7","9","64","96","27","0.0","1018.79","5","13",2016-05-27
"2016-05-28","18","25","12","10","55","72","26","0.0","1019.00","7","15",2016-05-28
"2016-05-29","20","25","15","14","66","88","39","0.0","1016.89","9","22",2016-05-29
"2016-05-30","22","28","15","15","71","88","31","0.0","1014.52","9","28",2016-05-30
"2016-05-31","22","27","16","14","60","88","28","0.0","1014.77","12","24",2016-05-31
"2016-06-01","22","27","17","12","53","77","27","0.0","1017.12","10","18",2016-06-01
"2016-06-02","20","26","15","10","50","72","25","0.0","1017.26","9","17",2016-06-02
"2016-06-03","20","27","12","9","49","82","21","0.0","1013.83","5","11",2016-06-03
"2016-06-04","18","24","12","7","51","94","18","0.0","1009.82","10","30",2016-06-04
"2016-06-05","14","19","8","3","49","71","26","0.0","1013.10","13","26",2016-06-05
"2016-06-06","10","14","5","0","51","81","26","0.0","1019.59","13","30",2016-06-06
"2016-06-07","11","17","5","1","50","87","21","0.0","1022.21","9","24",2016-06-07
"2016-06-08","16","23","8","5","49","81","22","0.0","1014.81","11","26",2016-06-08
"2016-06-09","12","17","8","2","47","88","23","0.0","1010.93","16","28",2016-06-09
"2016-06-10","10","18","3","4","61","94","21","6.0","1006.81","10","35",2016-06-10
"2016-06-11","10","11","8","6","84","97","64","7.0","1003.43","19","33",2016-06-11
"2016-06-12","10","16","5","5","70","94","40","0.0","1010.39","15","28",2016-06-12
"2016-06-13","12","20","3","4","58","100","20","0.0","1009.50","4","11",2016-06-13
"2016-06-14","15","22","8","6","48","71","24","0.0","1006.39","8","20",2016-06-14
"2016-06-15","17","20","14","14","82","94","49","4.0","1001.00","11","18",2016-06-15
"2016-06-16","18","22","13","14","77","100","44","0.0","1004.46","11","26",2016-06-16
"2016-06-17","22","28","15","14","70","94","33","9.0","1005.19","17","56",2016-06-17
"2016-06-18","18","22","14","11","64","82","42","0.0","1011.40","23","35",2016-06-18
"2016-06-19","18","25","11","11","64","100","31","0.0","1019.82","7","20",2016-06-19
"2016-06-20","18","22","13","14","76","97","50","3.0","1020.28","6","18",2016-06-20
"2016-06-21","18","20","15","15","84","100","58","0.0","1018.94","10","28",2016-06-21
"2016-06-22","19","23","15","13","67","94","36","0.0","1024.49","10","22",2016-06-22
"2016-06-23","18","26","10","11","61","95","28","0.0","1027.02","5","13",2016-06-23
"2016-06-24","21","29","13","12","54","94","21","0.0","1023.67","5","15",2016-06-24
"2016-06-25","24","33","16","15","52","73","24","0.0","1018.82","9","20",2016-06-25
"2016-06-26","26","32","19","16","52","78","24","0.0","1014.14","11","26",2016-06-26
"2016-06-27","18","20","17","16","78","89","49","0.0","1012.77","11","22",2016-06-27
"2016-06-28","18","24","13","11","64","94","31","0.0","1014.70","8","20",2016-06-28
"2016-06-29","19","26","12","10","54","93","24","0.0","1014.72","7","13",2016-06-29
"2016-06-30","22","29","15","12","53","77","25","0.0","1014.81","6","18",2016-06-30
"2016-07-01","22","27","17","15","65","83","45","0.9","1016.34","8","20",2016-07-01
"2016-07-02","24","32","16","15","60","94","22","0.0","1015.64","5","24",2016-07-02
"2016-07-03","17","20","14","16","84","100","48","13.0","1012.50","12","26",2016-07-03
"2016-07-04","16","19","12","11","77","100","45","5.0","1014.44","15","33",2016-07-04
"2016-07-05","14","19","9","9","72","94","35","2.0","1013.49","14","28",2016-07-05
"2016-07-06","14","19","9","11","81","100","55","2.0","1004.95","11","30",2016-07-06
"2016-07-07","14","19","9","11","82","100","43","8.0","1006.36","13","37",2016-07-07
"2016-07-08","14","19","10","11","80","94","47","0.8","1012.81","18","32",2016-07-08
"2016-07-09","16","19","13","14","86","100","65","2.0","1009.77","9","17",2016-07-09
"2016-07-10","18","21","14","13","76","95","38","0.0","1011.71","13","26",2016-07-10
"2016-07-11","22","28","15","16","81","100","39","12.0","1009.46","12","33",2016-07-11
"2016-07-12","20","23","16","16","81","100","44","0.0","1010.23","8","15",2016-07-12
"2016-07-13","16","18","14","15","91","100","77","7.0","1011.60","5","18",2016-07-13
"2016-07-14","14","18","10","14","92","100","73","5.0","1010.74","6","24",2016-07-14
"2016-07-15","16","18","13","14","84","100","66","0.0","1008.28","17","37",2016-07-15
"2016-07-16","16","22","11","12","75","100","43","0.0","1019.66","10","15",2016-07-16
"2016-07-17","18","22","13","14","78","95","47","3.0","1016.86","5","22",2016-07-17
"2016-07-18","16","20","13","12","76","94","48","0.0","1011.44","11","18",2016-07-18
"2016-07-19","16","21","12","11","72","94","36","1.0","1013.41","12","30",2016-07-19
"2016-07-20","16","21","12","10","67","95","34","0.0","1013.45","15","32",2016-07-20
"2016-07-21","15","18","12","13","84","100","48","1.0","1009.36","16","28",2016-07-21
"2016-07-22","20","24","16","15","81","100","44","0.0","1012.49","9","17",2016-07-22
"2016-07-23","19","23","15","16","83","99","55","0.0","1016.40","7","18",2016-07-23
"2016-07-24","20","24","16","17","89","100","62","0.0","1019.33","7","13",2016-07-24
"2016-07-25","22","27","17","18","80","100","47","0.3","1018.34","5","15",2016-07-25
"2016-07-26","23","28","18","18","80","100","47","0.0","1016.86","5","24",2016-07-26
"2016-07-27","22","28","15","17","70","100","39","0.0","1017.23","5","9",2016-07-27
"2016-07-28","24","29","18","18","76","100","44","3.0","1013.47","6","24",2016-07-28
"2016-07-29","18","20","17","18","94","100","83","3.0","1011.78","5","13",2016-07-29
"2016-07-30","20","25","15","16","82","100","43","0.3","1010.74","8","20",2016-07-30
"2016-07-31","20","26","14","15","75","100","37","0.0","1011.90","8","22",2016-07-31
"2016-08-01","18","21","15","17","88","96","69","3.0","1010.28","9","22",2016-08-01
"2016-08-02","17","22","12","12","77","100","38","0.0","1015.23","6","18",2016-08-02
"2016-08-03","16","20","13","12","79","100","49","0.0","1014.84","7","17",2016-08-03
"2016-08-04","17","23","11","14","84","100","54","0.0","1014.12","11","28",2016-08-04
"2016-08-05","23","30","16","17","74","100","32","0.0","1014.18","9","18",2016-08-05
"2016-08-06","17","19","15","16","84","95","57","5.0","1016.32","12","26",2016-08-06
"2016-08-07","16","18","13","13","84","100","57","2.0","1018.83","13","30",2016-08-07
"2016-08-08","17","24","10","12","78","100","41","0.0","1018.16","12","26",2016-08-08
"2016-08-09","18","21","15","15","83","95","67","0.4","1014.95","11","18",2016-08-09
"2016-08-10","14","15","12","12","83","94","67","0.9","1015.53","9","18",2016-08-10
"2016-08-11","14","18","10","9","77","100","41","0.0","1015.64","10","20",2016-08-11
"2016-08-12","13","19","7","7","70","100","33","0.0","1020.34","9","24",2016-08-12
"2016-08-13","12","18","7","10","76","94","45","0.0","1019.90","12","28",2016-08-13
"2016-08-14","18","21","14","14","83","100","44","2.0","1015.33","12","33",2016-08-14
"2016-08-15","14","19","10","10","72","94","36","0.0","1015.40","15","30",2016-08-15
"2016-08-16","13","16","10","11","88","100","60","7.0","1009.82","15","24",2016-08-16
"2016-08-17","14","17","11","12","88","100","72","1.0","1008.95","18","32",2016-08-17
"2016-08-18","14","18","11","11","82","100","59","0.0","1012.02","12","20",2016-08-18
"2016-08-19","17","23","11","11","69","94","35","0.0","1015.52","11","20",2016-08-19
"2016-08-20","18","25","11","11","61","88","28","0.0","1017.67","5","13",2016-08-20
"2016-08-21","20","27","14","13","60","82","31","0.0","1019.16","10","28",2016-08-21
"2016-08-22","20","25","16","14","66","94","41","0.0","1019.74","12","22",2016-08-22
"2016-08-23","18","21","15","15","81","97","49","0.5","1022.75","10","18",2016-08-23
"2016-08-24","18","22","13","13","74","94","50","0.0","1024.29","8","22",2016-08-24
"2016-08-25","16","23","9","11","71","100","38","0.0","1025.97","3","11",2016-08-25
"2016-08-26","18","26","11","13","72","100","35","0.0","1024.37","8","20",2016-08-26
"2016-08-27","20","28","13","12","60","88","25","0.0","1020.79","13","32",2016-08-27
"2016-08-28","19","25","13","13","67","88","38","0.0","1019.27","6","13",2016-08-28
"2016-08-29","22","29","15","15","72","94","31","0.0","1011.41","10","30",2016-08-29
"2016-08-30","16","18","13","12","81","94","61","0.3","1015.40","13","28",2016-08-30
"2016-08-31","12","18","7","11","84","100","57","0.0","1021.94","9","18",2016-08-31
"2016-09-01","17","22","12","13","83","100","41","0.0","1020.87","8","18",2016-09-01
"2016-09-02","17","22","12","11","70","94","41","0.0","1016.45","11","26",2016-09-02
"2016-09-03","13","19","7","11","86","100","54","0.2","1016.26","7","20",2016-09-03
"2016-09-04","14","16","13","13","94","100","71","6.0","1010.98","9","17",2016-09-04
"2016-09-05","16","19","11","12","84","100","48","0.4","1010.82","7","18",2016-09-05
"2016-09-06","14","21","8","11","79","100","43","0.0","1023.53","5","13",2016-09-06
"2016-09-07","14","21","8","11","81","100","45","0.0","1023.75","8","26",2016-09-07
"2016-09-08","16","21","11","14","81","94","62","0.0","1016.84","11","18",2016-09-08
"2016-09-09","18","23","14","13","73","100","41","0.0","1017.34","4","11",2016-09-09
"2016-09-10","19","26","12","15","79","100","46","0.0","1017.41","7","17",2016-09-10
"2016-09-11","19","25","13","16","86","100","40","0.0","1018.56","4","7",2016-09-11
"2016-09-12","19","25","13","15","80","100","43","0.0","1020.85","5","18",2016-09-12
"2016-09-13","15","19","11","12","87","100","47","0.0","1020.64","6","15",2016-09-13
"2016-09-14","14","19","8","8","73","100","34","0.0","1019.86","7","20",2016-09-14
"2016-09-15","12","20","4","7","70","100","36","0.0","1019.97","3","13",2016-09-15
"2016-09-16","12","18","5","9","85","100","56","0.0","1016.10","5","20",2016-09-16
"2016-09-17","10","14","5","6","76","100","46","0.0","1018.75","6","18",2016-09-17
"2016-09-18","8","14","3","5","74","99","40","0.0","1020.79","5","15",2016-09-18
"2016-09-19","10","13","6","3","66","87","31","0.0","1018.28","4","15",2016-09-19
"2016-09-20","10","14","6","6","74","93","40","0.0","1014.79","7","20",2016-09-20
"2016-09-21","11","15","7","7","85","100","63","5.0","1016.64","12","28",2016-09-21
"2016-09-22","10","13","6","7","86","100","63","0.0","1016.61","12","22",2016-09-22
"2016-09-23","8","12","5","6","82","100","60","0.0","1016.81","11","17",2016-09-23
"2016-09-24","12","16","8","9","88","100","54","1.0","1019.21","9","17",2016-09-24
"2016-09-25","10","13","7","6","79","100","41","0.0","1025.41","5","17",2016-09-25
"2016-09-26","10","13","7","4","69","87","43","0.0","1027.45","5","13",2016-09-26
"2016-09-27","11","16","6","7","80","94","54","0.0","1027.75","4","13",2016-09-27
"2016-09-28","7","12","2","6","90","100","54","3.0","1021.15","8","32",2016-09-28
"2016-09-29","13","17","9","11","83","100","55","0.0","1010.90","15","26",2016-09-29
"2016-09-30","14","18","9","10","74","94","37","0.0","1008.91","16","32",2016-09-30
"2016-10-01","12","18","7","7","76","100","36","0.0","1014.45","8","17",2016-10-01
"2016-10-02","16","21","10","12","82","100","47","0.0","1013.29","9","24",2016-10-02
"2016-10-03","13","16","10","11","91","100","62","0.0","1019.03","6","22",2016-10-03
"2016-10-04","8","11","5","3","70","93","35","0.0","1024.45","22","37",2016-10-04
"2016-10-05","6","7","5","4","84","93","66","0.4","1019.55","29","43",2016-10-05
"2016-10-06","8","9","6","6","90","100","75","1.0","1018.90","22","35",2016-10-06
"2016-10-07","6","7","5","6","96","100","86","3.0","1015.60","10","18",2016-10-07
"2016-10-08","4","6","3","3","93","100","81","0.0","1015.78","4","13",2016-10-08
"2016-10-09","7","9","5","6","95","100","87","24.0","1019.64","10","18",2016-10-09
"2016-10-10","4","5","4","4","88","100","68","0.0","1021.19","14","24",2016-10-10
"2016-10-11","4","5","3","2","81","87","64","0.0","1025.65","12","20",2016-10-11
"2016-10-12","4","5","1","2","85","93","72","0.0","1028.73","13","20",2016-10-12
"2016-10-13","3","8","-2","-1","81","100","46","0.0","1027.82","7","17",2016-10-13
"2016-10-14","-0","0","-1","-2","93","100","76","0.0","1029.31","7","15",2016-10-14
"2016-10-15","3","7","-1","-2","79","100","44","0.0","1030.95","13","26",2016-10-15
"2016-10-16","4","8","0","-2","66","81","38","0.0","1035.62","14","24",2016-10-16
"2016-10-17","4","8","-1","-2","71","93","37","0.0","1037.88","10","20",2016-10-17
"2016-10-18","4","8","-1","-2","72","87","38","0.0","1030.50","14","32",2016-10-18
"2016-10-19","4","8","-1","-1","73","93","45","0.0","1024.98","15","32",2016-10-19
"2016-10-20","4","8","1","-1","69","81","48","0.0","1025.70","15","22",2016-10-20
"2016-10-21","2","4","-1","-3","72","80","52","0.0","1025.37","18","30",2016-10-21
"2016-10-22","4","5","2","-0","78","93","57","3.0","1022.52","20","28",2016-10-22
"2016-10-23","3","3","3","2","91","94","85","0.5","1025.98","19","28",2016-10-23
"2016-10-24","2","3","1","0","86","93","73","4.0","1029.12","20","32",2016-10-24
"2016-10-25","4","7","1","4","94","100","87","20.0","1019.65","21","30",2016-10-25
"2016-10-26","4","5","1","2","89","100","68","0.2","1022.61","11","18",2016-10-26
"2016-10-27","4","7","1","1","90","100","55","0.0","1029.95","6","18",2016-10-27
"2016-10-28","5","8","2","3","89","100","71","8.0","1020.51","21","37",2016-10-28
"2016-10-29","6","8","4","3","84","93","57","0.3","1009.14","18","30",2016-10-29
"2016-10-30","5","6","4","2","84","93","65","0.8","1010.13","19","30",2016-10-30
"2016-10-31","2","4","0","1","89","100","75","2.0","1018.03","14","22",2016-10-31
"2016-11-01","0","1","0","-1","92","100","78","0.5","1017.03","10","32",2016-11-01
"2016-11-02","2","4","0","1","97","100","92","0.7","999.97","19","32",2016-11-02
"2016-11-03","0","2","-1","0","93","100","84","1.0","1002.44","10","24",2016-11-03
"2016-11-04","-0","2","-3","-2","88","100","67","0.4","1014.93","10","20",2016-11-04
"2016-11-05","-0","1","-2","-1","91","100","79","0.0","1014.32","9","20",2016-11-05
"2016-11-06","1","2","0","0","96","100","91","5.0","999.75","12","24",2016-11-06
"2016-11-07","2","3","0","1","99","100","92","1.0","999.21","4","13",2016-11-07
"2016-11-08","-0","2","-3","-2","89","100","68","0.0","1008.07","9","22",2016-11-08
"2016-11-09","-2","0","-4","-3","89","100","42","1.0","1012.27","9","22",2016-11-09
"2016-11-10","-1","0","-2","-3","90","93","81","0.0","1007.56","11","18",2016-11-10
"2016-11-11","-2","-2","-3","-4","87","93","69","0.0","1016.16","7","13",2016-11-11
"2016-11-12","-2","0","-3","-4","89","100","74","0.0","1024.03","8","15",2016-11-12
"2016-11-13","-2","0","-5","-3","93","100","86","0.0","1024.61","5","11",2016-11-13
"2016-11-14","-1","1","-3","-1","91","100","76","1.0","1027.23","10","18",2016-11-14
"2016-11-15","0","0","0","-1","89","100","77","0.0","1023.69","16","30",2016-11-15
"2016-11-16","0","1","0","-1","95","100","87","0.4","1013.89","23","33",2016-11-16
"2016-11-17","1","2","0","1","97","100","90","3.0","1009.86","21","30",2016-11-17
"2016-11-18","4","6","2","3","95","100","79","0.0","1010.10","25","33",2016-11-18
"2016-11-19","4","7","2","3","90","100","79","3.0","1014.20","19","32",2016-11-19
"2016-11-20","6","7","5","5","91","100","83","0.0","1016.44","23","39",2016-11-20
"2016-11-21","3","5","1","2","89","93","78","0.0","1022.78","26","39",2016-11-21
"2016-11-22","-0","0","-1","-1","91","93","83","0.0","1025.84","26","33",2016-11-22
"2016-11-23","0","1","0","-1","91","93","83","0.0","1024.59","21","28",2016-11-23
"2016-11-24","0","3","-2","1","96","100","86","0.0","1019.23","16","28",2016-11-24
"2016-11-25","0","2","-2","0","91","100","72","0.0","1019.50","10","17",2016-11-25
"2016-11-26","2","4","0","1","90","100","73","0.0","1005.30","20","33",2016-11-26
"2016-11-27","2","4","-1","1","90","93","72","0.0","996.38","17","26",2016-11-27
"2016-11-28","-4","-3","-6","-5","84","93","63","1.0","1008.58","16","30",2016-11-28
"2016-11-29","-8","-3","-13","-7","88","100","64","0.0","1018.36","10","24",2016-11-29
"2016-11-30","-6","1","-13","-4","92","100","79","0.0","1011.49","18","30",2016-11-30
"2016-12-01","-0","1","-2","-1","92","100","80","0.0","1002.92","12","17",2016-12-01
"2016-12-02","-1","0","-2","-2","94","100","86","4.0","1000.61","8","15",2016-12-02
"2016-12-03","-4","-1","-6","-5","87","100","73","0.0","1010.91","13","26",2016-12-03
"2016-12-04","-8","-4","-11","-8","88","93","68","0.0","1022.42","13","22",2016-12-04
"2016-12-05","-4","2","-10","-1","93","100","86","0.9","1014.84","24","37",2016-12-05
"2016-12-06","-4","0","-8","-5","79","100","51","0.0","1018.37","15","32",2016-12-06
"2016-12-07","-8","-3","-12","-9","83","93","63","0.0","1029.53","8","30",2016-12-07
"2016-12-08","2","7","-3","2","93","100","77","5.0","1008.07","22","32",2016-12-08
"2016-12-09","6","6","5","5","92","100","79","3.0","1006.19","22","30",2016-12-09
"2016-12-10","2","5","-3","1","91","100","81","5.0","1007.17","14","22",2016-12-10
"2016-12-11","-2","0","-4","-4","92","100","82","5.0","1004.06","8","22",2016-12-11
"2016-12-12","-8","-6","-11","-9","84","93","62","0.0","1014.86","17","30",2016-12-12
"2016-12-13","-6","-2","-10","-5","87","93","73","1.0","1020.05","14","22",2016-12-13
"2016-12-14","-2","0","-4","-3","94","100","84","0.1","1013.00","18","111",2016-12-14
"2016-12-15","-6","-2","-11","-8","84","93","55","0.0","1028.94","8","20",2016-12-15
"2016-12-16","-6","0","-11","-2","91","100","82","0.2","1029.72","13","22",2016-12-16
"2016-12-17","-0","0","-1","-1","94","100","85","0.0","1029.71","11","18",2016-12-17
"2016-12-18","-0","1","-1","-2","95","100","87","0.1","1026.47","11","17",2016-12-18
"2016-12-19","1","2","0","1","98","100","93","1.0","1024.34","12","18",2016-12-19
"2016-12-20","2","3","1","2","99","100","93","0.2","1029.14","7","18",2016-12-20
"2016-12-21","0","0","0","0","100","100","95","0.0","1029.85","15","26",2016-12-21
"2016-12-22","-0","0","-2","-1","99","100","86","0.0","1027.67","14","24",2016-12-22
"2016-12-23","0","2","-1","-1","98","100","88","0.4","1024.49","14","20",2016-12-23
"2016-12-24","0","0","0","-0","96","100","84","0.4","1017.28","18","33",2016-12-24
"2016-12-25","1","2","0","1","96","100","86","0.2","1008.50","14","20",2016-12-25
"2016-12-26","4","8","0","4","96","100","81","5.0","1006.03","21","30",2016-12-26
"2016-12-27","1","2","0","-0","93","100","79","8.0","999.79","26","37",2016-12-27
"2016-12-28","-0","0","-1","-3","81","93","62","0.2","1020.76","21","39",2016-12-28
"2016-12-29","-1","0","-2","-4","82","100","65","0.0","1034.59","13","24",2016-12-29
"2016-12-30","-2","0","-4","-1","94","100","84","0.0","1028.98","15","24",2016-12-30
"2016-12-31","-0","1","-2","-0","97","100","78","0.0","1019.22","14","24",2016-12-31
"2017-01-01","1","2","0","1","99","100","91","0.0","1008.81","17","26",2017-01-01
"2017-01-02","-0","1","-2","-0","94","100","78","2.0","1001.10","17","28",2017-01-02
"2017-01-03","-2","-1","-3","-4","83","93","64","0.0","1002.94","15","26",2017-01-03
"2017-01-04","-2","0","-4","-2","94","100","77","0.3","986.24","19","37",2017-01-04
"2017-01-05","-16","-13","-18","-17","74","93","51","0.0","1009.56","29","41",2017-01-05
"2017-01-06","-18","-16","-21","-22","75","85","52","0.0","1031.60","19","26",2017-01-06
"2017-01-07","-18","-14","-23","-24","78","85","59","0.0","1030.11","8","15",2017-01-07
"2017-01-08","-14","-8","-21","-15","79","86","69","0.0","1027.08","4","7",2017-01-08
"2017-01-09","-8","-5","-11","-9","92","100","82","0.0","1025.34","6","15",2017-01-09
"2017-01-10","-11","-8","-14","-13","88","93","76","0.0","1022.91","10","18",2017-01-10
"2017-01-11","-8","-6","-10","-10","86","93","63","0.0","1016.23","18","30",2017-01-11
"2017-01-12","-6","-2","-9","-7","87","100","74","2.0","997.50","23","33",2017-01-12
"2017-01-13","-2","0","-5","-2","91","100","82","2.0","995.77","20","30",2017-01-13
"2017-01-14","-2","0","-3","-1","93","100","86","3.0","994.57","13","24",2017-01-14
"2017-01-15","-2","0","-4","-3","93","100","83","0.0","1006.91","13","20",2017-01-15
"2017-01-16","-5","-4","-6","-6","93","100","87","0.0","1020.95","8","17",2017-01-16
"2017-01-17","-4","-2","-6","-6","96","100","84","0.0","1032.66","3","11",2017-01-17
"2017-01-18","-7","-3","-11","-9","92","100","82","0.0","1037.10","8","20",2017-01-18
"2017-01-19","-6","-3","-8","-6","93","100","82","0.5","1030.38","19","26",2017-01-19
"2017-01-20","-2","1","-4","-0","98","100","92","0.0","1023.80","13","22",2017-01-20
"2017-01-21","-0","0","-1","0","98","100","87","0.0","1024.69","14","24",2017-01-21
"2017-01-22","-1","0","-2","-1","99","100","92","0.0","1028.66","10","17",2017-01-22
"2017-01-23","-2","-1","-2","-2","97","100","85","0.0","1020.83","15","22",2017-01-23
"2017-01-24","-0","1","-2","-1","94","100","80","0.0","1017.48","14","22",2017-01-24
"2017-01-25","-8","-2","-13","-9","76","92","49","0.0","1027.87","12","22",2017-01-25
"2017-01-26","-6","0","-13","-10","87","100","71","0.9","1029.93","9","26",2017-01-26
"2017-01-27","-2","0","-3","-0","98","100","89","0.9","1024.62","10","18",2017-01-27
"2017-01-28","0","1","-1","0","99","100","93","0.0","1026.98","4","11",2017-01-28
"2017-01-29","-1","0","-2","-2","91","100","74","0.0","1026.77","17","32",2017-01-29
"2017-01-30","-3","-2","-4","-5","85","93","75","0.0","1024.48","22","32",2017-01-30
"2017-01-31","-6","-4","-7","-7","88","100","75","0.0","1024.22","11","18",2017-01-31
"2017-02-01","-6","-5","-7","-7","93","100","88","0.0","1026.02","7","13",2017-02-01
"2017-02-02","-3","-1","-5","-6","85","100","70","0.0","1021.79","13","22",2017-02-02
"2017-02-03","-2","-1","-3","-5","84","93","69","0.0","1014.74","11","20",2017-02-03
"2017-02-04","-1","2","-4","-5","79","93","52","0.0","1012.91","4","9",2017-02-04
"2017-02-05","-2","0","-4","-6","75","86","52","0.0","1012.57","6","18",2017-02-05
"2017-02-06","-8","-5","-10","-11","76","86","56","0.2","1022.39","15","24",2017-02-06
"2017-02-07","-12","-8","-15","-18","55","73","27","0.0","1033.00","17","24",2017-02-07
"2017-02-08","-12","-8","-15","-20","56","72","32","0.0","1039.31","12","18",2017-02-08
"2017-02-09","-9","-5","-13","-19","47","67","22","0.0","1041.02","8","17",2017-02-09
"2017-02-10","-8","-1","-15","-13","68","86","48","0.0","1041.28","6","13",2017-02-10
"2017-02-11","-4","-3","-6","-7","84","86","68","0.0","1040.41","11","18",2017-02-11
"2017-02-12","-7","-6","-8","-8","90","93","73","0.0","1040.86","5","11",2017-02-12
"2017-02-13","-6","-4","-8","-8","88","100","67","0.0","1035.90","9","28",2017-02-13
"2017-02-14","-1","4","-6","-2","87","100","64","0.0","1027.29","15","22",2017-02-14
"2017-02-15","0","3","-3","-2","93","100","67","0.0","1032.80","6","11",2017-02-15
"2017-02-16","-2","0","-4","-3","97","100","85","0.0","1025.60","13","20",2017-02-16
"2017-02-17","-0","2","-3","0","97","100","85","0.0","1015.52","12","18",2017-02-17
"2017-02-18","0","1","0","1","97","100","83","0.0","1017.19","9","18",2017-02-18
"2017-02-19","0","1","0","-1","91","100","76","0.5","1015.37","20","32",2017-02-19
"2017-02-20","1","2","0","1","93","100","83","0.9","1004.25","24","39",2017-02-20
"2017-02-21","2","4","1","3","95","100","84","2.0","989.47","24","30",2017-02-21
"2017-02-22","-1","1","-3","-2","90","100","65","4.0","994.51","19","33",2017-02-22
"2017-02-23","2","3","0","1","93","100","86","3.0","987.86","19","32",2017-02-23
"2017-02-24","0","3","-3","-1","91","100","68","5.0","988.36","15","30",2017-02-24
"2017-02-25","-1","1","-3","-5","75","93","49","0.2","1007.05","16","35",2017-02-25
"2017-02-26","0","3","-3","-1","93","100","70","1.0","1005.84","18","30",2017-02-26
"2017-02-27","4","6","2","4","97","100","86","0.0","1007.64","15","22",2017-02-27
"2017-02-28","6","10","2","3","78","93","53","0.0","1001.35","18","28",2017-02-28
"2017-03-01","4","6","3","3","88","100","74","0.4","999.30","12","24",2017-03-01
"2017-03-02","4","8","-1","1","85","100","50","2.0","1001.04","13","28",2017-03-02
"2017-03-03","2","4","0","1","91","100","75","0.4","1005.53","19","32",2017-03-03
"2017-03-04","4","7","0","-0","77","93","49","0.0","1008.04","14","22",2017-03-04
"2017-03-05","4","7","1","1","80","100","61","0.3","1003.71","9","15",2017-03-05
"2017-03-06","1","2","0","1","98","100","88","9.0","1002.63","10","28",2017-03-06
"2017-03-07","2","3","0","1","93","100","83","0.0","1007.65","8","17",2017-03-07
"2017-03-08","4","7","0","0","85","100","56","0.0","1022.36","6","20",2017-03-08
"2017-03-09","3","6","0","4","99","100","87","2.0","1016.78","5","11",2017-03-09
"2017-03-10","2","6","-2","1","90","100","67","0.0","1015.71","7","15",2017-03-10
"2017-03-11","2","3","0","1","96","100","81","0.6","1021.03","5","13",2017-03-11
"2017-03-12","2","4","0","0","84","100","58","0.0","1023.16","13","24",2017-03-12
"2017-03-13","4","7","1","-0","79","93","53","0.0","1024.73","10","17",2017-03-13
"2017-03-14","4","8","-2","-2","72","93","33","0.0","1024.96","7","15",2017-03-14
"2017-03-15","4","8","-1","0","79","100","53","0.6","1013.97","19","33",2017-03-15
"2017-03-16","2","7","-3","-1","75","93","36","0.4","1012.22","13","24",2017-03-16
"2017-03-17","2","7","-3","-3","78","93","39","0.7","1009.21","15","41",2017-03-17
"2017-03-18","3","6","0","0","86","100","58","0.0","996.30","11","20",2017-03-18
"2017-03-19","1","5","-3","0","89","100","75","3.0","998.47","11","18",2017-03-19
"2017-03-20","2","5","-2","-0","85","100","61","0.0","1005.10","8","20",2017-03-20
"2017-03-21","6","11","2","4","91","100","78","5.0","1005.18","14","26",2017-03-21
"2017-03-22","4","7","-1","1","79","100","46","0.7","1014.72","9","20",2017-03-22
"2017-03-23","4","11","-3","-3","62","93","25","0.0","1023.84","6","15",2017-03-23
"2017-03-24","4","9","-2","-4","56","87","29","0.0","1022.82","9","30",2017-03-24
"2017-03-25","0","2","-1","-2","88","100","64","4.0","1018.19","7","17",2017-03-25
"2017-03-26","2","5","0","-1","78","93","49","0.0","1019.70","12","28",2017-03-26
"2017-03-27","7","11","3","-1","55","81","28","0.0","1013.91","20","30",2017-03-27
"2017-03-28","6","10","1","-1","59","87","29","0.0","1013.41","20","30",2017-03-28
"2017-03-29","2","5","-1","-7","52","74","31","0.0","1014.38","6","18",2017-03-29
"2017-03-30","2","6","-2","-7","52","74","27","0.0","1022.69","9","17",2017-03-30
"2017-03-31","5","10","0","5","89","100","59","5.0","1016.09","14","30",2017-03-31
"2017-04-01","12","18","7","8","87","100","39","0.2","1015.85","9","28",2017-04-01
"2017-04-02","14","22","6","6","63","93","17","0.0","1013.51","10","28",2017-04-02
"2017-04-03","11","15","7","6","74","100","34","0.0","1018.75","10","24",2017-04-03
"2017-04-04","8","15","0","-0","61","94","22","0.0","1025.57","6","13",2017-04-04
"2017-04-05","8","17","0","2","61","93","29","0.0","1015.90","7","22",2017-04-05
"2017-04-06","6","8","4","3","81","96","57","2.0","1007.30","8","18",2017-04-06
"2017-04-07","4","10","-1","-1","70","100","28","0.0","1009.31","7","18",2017-04-07
"2017-04-08","5","8","2","-2","62","87","26","0.0","1014.40","13","32",2017-04-08
"2017-04-09","5","9","1","1","69","87","45","0.0","1021.72","10","24",2017-04-09
"2017-04-10","10","18","2","4","68","100","33","0.0","1014.16","16","37",2017-04-10
"2017-04-11","4","9","0","1","71","93","48","1.0","1006.67","20","35",2017-04-11
"2017-04-12","4","9","0","0","77","93","37","1.0","1007.18","16","32",2017-04-12
"2017-04-13","6","9","2","3","83","100","59","0.8","998.11","16","33",2017-04-13
"2017-04-14","2","6","-2","-0","84","100","64","0.2","1003.95","5","15",2017-04-14
"2017-04-15","4","8","1","-0","74","93","43","0.0","1005.64","12","20",2017-04-15
"2017-04-16","0","2","-2","-3","83","100","40","0.8","1003.45","14","26",2017-04-16
"2017-04-17","-0","2","-4","-7","67","93","24","0.0","1015.34","10","18",2017-04-17
"2017-04-18","-1","3","-5","-7","64","93","32","0.0","1022.76","5","17",2017-04-18
"2017-04-19","0","4","-3","-7","59","93","27","0.0","1028.84","9","20",2017-04-19
"2017-04-20","2","7","-3","-10","41","64","17","0.0","1029.02","6","17",2017-04-20
"2017-04-21","2","6","-1","-2","75","93","50","1.0","1013.91","15","30",2017-04-21
"2017-04-22","4","8","1","-0","71","93","36","0.6","1000.02","22","39",2017-04-22
"2017-04-23","4","8","-1","-3","71","93","25","0.0","1006.79","14","24",2017-04-23
"2017-04-24","3","8","-2","-2","72","93","43","0.9","1011.03","9","30",2017-04-24
"2017-04-25","8","14","2","1","63","93","33","0.0","1005.14","20","37",2017-04-25
"2017-04-26","6","8","3","-0","68","100","35","0.0","1008.12","14","24",2017-04-26
"2017-04-27","5","8","2","0","68","87","41","0.0","1013.71","5","13",2017-04-27
"2017-04-28","4","7","1","2","87","100","57","14.0","1014.71","10","28",2017-04-28
"2017-04-29","5","7","3","4","88","100","64","0.4","1009.09","13","30",2017-04-29
"2017-04-30","6","9","2","-1","63","81","35","0.0","1020.96","11","20",2017-04-30
"2017-05-01","6","9","2","-1","65","81","32","0.0","1024.38","11","26",2017-05-01
"2017-05-02","7","14","0","0","64","87","25","0.0","1024.46","12","20",2017-05-02
"2017-05-03","8","17","0","-0","55","100","15","0.0","1025.52","5","18",2017-05-03
"2017-05-04","12","17","8","1","44","62","22","0.0","1024.77","12","24",2017-05-04
"2017-05-05","15","20","10","3","47","59","28","0.0","1022.19","11","18",2017-05-05
"2017-05-06","16","22","9","6","49","77","28","0.0","1013.95","6","18",2017-05-06
"2017-05-07","12","14","9","9","80","94","54","2.0","1006.07","5","20",2017-05-07
"2017-05-08","8","11","4","1","64","93","25","0.0","1004.46","12","26",2017-05-08
"2017-05-09","2","5","0","-2","75","100","43","0.3","1007.88","14","30",2017-05-09
"2017-05-10","3","6","0","-3","73","100","31","0.0","1008.15","10","20",2017-05-10
"2017-05-11","5","10","0","-4","61","100","21","0.0","1009.09","7","17",2017-05-11
"2017-05-12","6","14","-1","-5","42","74","13","0.0","1014.10","6","17",2017-05-12
"2017-05-13","10","18","3","-1","41","61","17","0.0","1016.05","7","20",2017-05-13
"2017-05-14","12","20","4","-1","38","57","14","0.0","1021.07","6","13",2017-05-14
"2017-05-15","14","21","6","5","54","77","25","0.0","1023.38","10","30",2017-05-15
"2017-05-16","12","16","8","4","59","93","21","0.0","1026.16","12","24",2017-05-16
"2017-05-17","10","18","2","-0","47","76","18","0.0","1028.45","5","15",2017-05-17
"2017-05-18","15","20","10","6","55","76","29","0.0","1021.50","4","11",2017-05-18
"2017-05-19","18","24","11","8","53","77","26","0.0","1018.07","6","15",2017-05-19
"2017-05-20","18","26","9","10","56","87","24","0.0","1014.89","4","17",2017-05-20
"2017-05-21","18","22","12","8","52","82","20","0.0","1014.51","9","30",2017-05-21
"2017-05-22","16","21","10","7","55","82","24","0.0","1016.26","5","17",2017-05-22
"2017-05-23","12","20","5","4","50","79","26","0.0","1014.39","9","20",2017-05-23
"2017-05-24","14","20","7","6","58","94","28","0.0","1011.93","6","17",2017-05-24
"2017-05-25","13","20","6","6","62","94","26","0.0","1013.53","9","18",2017-05-25
"2017-05-26","12","17","8","7","71","88","45","1.0","1015.46","9","24",2017-05-26
"2017-05-27","13","20","6","5","57","87","20","0.0","1020.55","11","26",2017-05-27
"2017-05-28","18","27","9","9","56","93","23","0.0","1019.34","11","24",2017-05-28
"2017-05-29","20","25","16","12","61","88","37","0.0","1009.84","17","30",2017-05-29
"2017-05-30","18","22","12","10","66","94","24","0.0","1010.47","10","22",2017-05-30
"2017-05-31","15","19","11","11","76","94","45","0.9","1006.88","16","39",2017-05-31
"2017-06-01","12","15","8","8","81","100","42","3.0","1009.13","19","32",2017-06-01
"2017-06-02","10","14","5","1","56","87","23","0.0","1012.40","13","30",2017-06-02
"2017-06-03","9","16","2","0","52","81","21","0.0","1017.98","12","22",2017-06-03
"2017-06-04","14","21","6","4","52","81","18","0.0","1013.76","6","22",2017-06-04
"2017-06-05","15","18","12","9","71","100","33","0.0","1009.68","16","33",2017-06-05
"2017-06-06","14","22","6","5","55","100","20","0.0","1015.65","5","13",2017-06-06
"2017-06-07","16","20","11","10","72","100","31","8.0","1012.59","15","28",2017-06-07
"2017-06-08","14","21","6","8","72","100","26","0.0","1016.04","7","24",2017-06-08
"2017-06-09","13","20","6","8","66","100","32","0.0","1018.30","4","15",2017-06-09
"2017-06-10","18","24","11","11","63","88","27","0.0","1016.55","4","11",2017-06-10
"2017-06-11","17","20","13","13","79","94","60","8.0","1016.12","7","17",2017-06-11
"2017-06-12","14","19","9","12","88","100","58","5.0","1008.21","10","28",2017-06-12
"2017-06-13","14","16","11","10","83","94","58","0.0","1001.73","20","35",2017-06-13
"2017-06-14","14","17","11","9","77","100","36","0.7","1004.92","21","32",2017-06-14
"2017-06-15","14","21","8","8","66","87","41","1.0","1013.45","10","22",2017-06-15
"2017-06-16","15","23","7","10","76","100","31","4.0","1011.22","5","22",2017-06-16
"2017-06-17","18","24","13","10","59","88","25","0.0","1010.23","7","24",2017-06-17
"2017-06-18","18","24","12","10","58","82","37","0.0","1017.30","8","22",2017-06-18
"2017-06-19","20","25","14","13","69","94","37","0.0","1015.70","16","30",2017-06-19
"2017-06-20","18","24","12","13","67","100","35","1.0","1009.79","16","37",2017-06-20
"2017-06-21","14","20","8","7","60","94","28","0.0","1009.38","14","35",2017-06-21
"2017-06-22","13","19","7","8","68","100","36","0.0","1010.95","10","28",2017-06-22
"2017-06-23","14","18","11","11","82","100","59","0.0","1006.74","6","11",2017-06-23
"2017-06-24","15","18","12","14","91","100","65","6.0","1006.51","7","26",2017-06-24
"2017-06-25","18","21","14","13","76","100","47","0.0","1006.40","16","28",2017-06-25
"2017-06-26","16","20","12","11","69","94","40","0.0","1005.72","18","33",2017-06-26
"2017-06-27","14","20","8","8","61","87","34","0.0","1010.90","15","28",2017-06-27
"2017-06-28","16","23","9","10","66","87","39","0.0","1011.60","6","22",2017-06-28
"2017-06-29","20","26","14","16","88","100","61","19.0","1003.35","15","52",2017-06-29
"2017-06-30","18","19","16","16","89","100","70","8.0","998.42","17","37",2017-06-30
"2017-07-01","18","22","14","12","69","94","45","0.0","1000.62","21","32",2017-07-01
"2017-07-02","14","15","13","14","94","100","82","3.0","1000.23","18","32",2017-07-02
"2017-07-03","14","17","12","10","74","100","46","0.0","1009.91","18","26",2017-07-03
"2017-07-04","12","17","8","9","85","100","60","8.0","1011.32","13","33",2017-07-04
"2017-07-05","14","18","10","9","73","94","39","0.0","1013.53","15","22",2017-07-05
"2017-07-06","12","18","7","9","79","100","34","2.0","1016.45","8","30",2017-07-06
"2017-07-07","14","20","7","5","58","93","23","0.0","1017.12","8","22",2017-07-07
"2017-07-08","15","21","9","6","57","93","26","0.0","1013.14","5","15",2017-07-08
"2017-07-09","17","21","13","13","84","100","50","3.0","1011.20","7","18",2017-07-09
"2017-07-10","16","23","10","11","70","100","35","0.0","1014.81","6","11",2017-07-10
"2017-07-11","21","27","15","15","74","100","50","21.0","1007.56","13","26",2017-07-11
"2017-07-12","18","23","14","15","84","100","52","0.4","1007.59","14","24",2017-07-12
"2017-07-13","16","20","12","14","89","100","73","4.0","1005.16","11","30",2017-07-13
"2017-07-14","14","20","9","8","62","88","32","0.0","1012.22","12","22",2017-07-14
"2017-07-15","16","20","11","8","55","90","28","0.0","1015.37","5","14",2017-07-15
"2017-07-16","15","20","10","9","56","79","35","0.0","1018.44","6","22",2017-07-16
"2017-07-17","13","18","9","11","73","88","49","0.6","1016.63","7","22",2017-07-17
"2017-07-18","14","20","8","9","64","93","42","0.0","1018.88","8","22",2017-07-18
"2017-07-19","17","21","13","10","55","80","33","0.0","1019.12","5","11",2017-07-19
"2017-07-20","16","22","11","11","60","84","40","0.0","1014.38","2","11",2017-07-20
"2017-07-21","15","21","9","9","55","84","35","0.0","1015.00","4","11",2017-07-21
"2017-07-22","18","23","14","10","46","68","33","0.0","1016.71","3","4",2017-07-22
"2017-07-23","18","25","11","11","48","74","28","0.0","1016.71","3","7",2017-07-23
"2017-07-24","18","21","14","14","76","90","52","0.4","1010.38","5","7",2017-07-24
"2017-07-25","18","20","15","16","87","97","72","3.0","1005.50","6","11",2017-07-25
"2017-07-26","19","22","16","17","88","94","70","20.0","999.50","6","14",2017-07-26
"2017-07-27","18","24","11","12","67","96","39","0.0","1005.38","8","14",2017-07-27
"2017-07-28","18","24","13","14","65","90","49","0.0","1007.63","3","7",2017-07-28
"2017-07-29","18","22","15","13","62","89","40","0.0","1010.25","8","18",2017-07-29
"2017-07-30","18","25","10","12","60","86","41","0.0","1014.12","6","11",2017-07-30
"2017-07-31","21","28","15","17","71","84","48","11.0","1014.71","6","18",2017-07-31
"2017-08-01","20","27","14","16","67","92","31","2.0","1020.25","3","11",2017-08-01
"2017-08-02","24","28","20","18","63","72","53","0.0","1015.25","10","18",2017-08-02
"2017-08-03","19","25","14","13","63","94","29","0.0","1016.50","4","11",2017-08-03
"2017-08-04","20","23","18","15","64","94","39","0.0","1008.37","11","22",2017-08-04
"2017-08-05","18","23","15","13","65","90","38","0.0","1010.57","6","18",2017-08-05
"2017-08-06","16","21","12","13","76","88","50","2.0","1015.14","3","11",2017-08-06
"2017-08-07","16","21","10","10","63","89","38","0.0","1021.37","6","14",2017-08-07
"2017-08-08","15","22","8","9","56","91","29","0.0","1024.38","2","7",2017-08-08
"2017-08-09","18","25","12","12","52","72","31","0.0","1022.28","15","28",2017-08-09
"2017-08-10","22","27","16","15","66","88","47","18.0","1019.95","12","30",2017-08-10
"2017-08-11","20","26","15","18","83","100","54","0.0","1017.39","6","13",2017-08-11
"2017-08-12","26","32","19","20","60","86","36","6.0","1011.03","14","26",2017-08-12
"2017-08-13","17","18","15","15","92","100","80","0.8","1014.00","8","15",2017-08-13
"2017-08-14","16","21","10","11","67","100","31","0.0","1021.97","8","18",2017-08-14
"2017-08-15","16","22","9","11","65","94","33","0.0","1026.50","4","11",2017-08-15
"2017-08-16","20","25","15","15","65","88","45","0.0","1021.12","7","17",2017-08-16
"2017-08-17","18","25","12","14","73","100","41","0.0","1020.25","7","18",2017-08-17
"2017-08-18","22","26","17","17","74","94","53","0.0","1018.07","7","17",2017-08-18
"2017-08-19","24","30","17","17","73","94","32","0.7","1014.32","12","32",2017-08-19
"2017-08-20","14","16","13","15","95","100","88","5.0","1017.74","10","22",2017-08-20
"2017-08-21","14","17","11","12","88","100","60","1.0","1015.72","9","17",2017-08-21
"2017-08-22","14","19","9","11","87","100","48","0.0","1013.72","4","13",2017-08-22
"2017-08-23","13","17","9","11","88","100","63","1.0","1009.60","10","22",2017-08-23
"2017-08-24","14","18","10","10","81","94","43","6.0","1007.20","19","30",2017-08-24
"2017-08-25","14","20","7","10","85","100","57","0.0","1014.00","10","30",2017-08-25
"2017-08-26","16","20","12","12","82","100","56","0.0","1015.71","11","17",2017-08-26
"2017-08-27","14","19","9","12","92","100","57","13.0","1012.94","8","22",2017-08-27
"2017-08-28","12","15","9","10","82","100","52","0.0","1014.26","12","22",2017-08-28
"2017-08-29","12","18","5","7","73","100","37","0.0","1020.50","3","9",2017-08-29
"2017-08-30","14","21","6","9","75","93","41","0.0","1019.85","8","20",2017-08-30
"2017-08-31","15","21","9","10","70","94","40","0.0","1017.04","15","28",2017-08-31
"2017-09-01","14","18","11","13","81","94","65","0.0","1015.41","13","22",2017-09-01
"2017-09-02","18","20","16","14","81","100","47","0.0","1011.39","8","17",2017-09-02
"2017-09-03","14","15","13","13","93","100","73","4.0","1010.27","8","17",2017-09-03
"2017-09-04","18","22","14","16","88","100","58","5.0","1007.66","12","28",2017-09-04
"2017-09-05","12","14","10","12","93","100","83","0.5","1011.60","14","26",2017-09-05
"2017-09-06","10","11","8","8","86","94","71","0.0","1010.30","14","22",2017-09-06
"2017-09-07","10","13","7","8","84","100","58","0.0","1005.11","4","7",2017-09-07
"2017-09-08","12","16","7","9","85","100","50","0.0","1007.57","10","24",2017-09-08
"2017-09-09","16","20","11","11","79","100","46","0.0","1008.02","14","26",2017-09-09
"2017-09-10","16","20","12","15","86","100","70","0.9","1005.98","11","18",2017-09-10
"2017-09-11","18","21","15","16","90","100","74","1.0","1006.66","11","18",2017-09-11
"2017-09-12","18","21","14","16","88","100","68","4.0","1002.94","13","22",2017-09-12
"2017-09-13","16","18","13","12","82","100","45","0.0","1003.25","12","28",2017-09-13
"2017-09-14","13","16","10","10","79","94","49","0.0","998.45","22","37",2017-09-14
"2017-09-15","12","13","10","9","83","94","64","0.0","1003.72","22","33",2017-09-15
"2017-09-16","12","17","8","9","83","100","49","0.0","1015.58","13","24",2017-09-16
"2017-09-17","12","14","10","12","93","100","79","1.0","1012.75","8","17",2017-09-17
"2017-09-18","12","14","10","12","95","100","87","4.0","997.63","16","35",2017-09-18
"2017-09-19","12","16","9","8","81","100","47","0.0","1013.53","17","28",2017-09-19
"2017-09-20","10","13","7","8","88","100","62","0.0","1018.53","7","18",2017-09-20
"2017-09-21","12","13","10","11","95","100","88","6.0","1015.45","11","22",2017-09-21
"2017-09-22","14","18","11","13","86","100","68","0.0","1016.69","10","26",2017-09-22
"2017-09-23","14","17","10","10","79","94","56","0.0","1022.69","11","18",2017-09-23
"2017-09-24","14","19","9","9","75","100","45","0.0","1028.00","10","22",2017-09-24
"2017-09-25","14","19","10","8","71","93","40","0.0","1032.02","12","24",2017-09-25
"2017-09-26","14","19","8","8","74","100","41","0.0","1035.14","7","17",2017-09-26
"2017-09-27","12","17","6","7","76","93","41","0.0","1038.03","7","17",2017-09-27
"2017-09-28","10","16","5","7","80","100","45","0.0","1037.49","5","13",2017-09-28
"2017-09-29","10","14","5","4","69","93","33","0.0","1035.52","8","15",2017-09-29
"2017-09-30","7","14","0","4","81","100","44","0.0","1031.45","3","13",2017-09-30
"2017-10-01","6","9","3","4","77","87","56","0.0","1030.80","6","15",2017-10-01
"2017-10-02","7","10","4","2","71","81","46","0.0","1025.91","13","32",2017-10-02
"2017-10-03","7","9","5","5","89","100","68","7.0","1013.26","22","28",2017-10-03
"2017-10-04","10","11","8","9","94","100","80","0.3","1010.18","15","28",2017-10-04
"2017-10-05","8","10","6","7","89","100","76","9.0","996.61","21","35",2017-10-05
"2017-10-06","9","12","6","6","89","100","62","0.9","995.79","11","28",2017-10-06
"2017-10-07","10","12","7","7","86","100","55","0.0","1007.13","14","24",2017-10-07
"2017-10-08","7","8","6","7","92","100","80","8.0","1005.08","19","32",2017-10-08
"2017-10-09","4","7","0","3","97","100","92","1.0","1002.72","10","24",2017-10-09
"2017-10-10","6","8","5","6","94","100","87","7.0","1002.51","15","22",2017-10-10
"2017-10-11","8","10","5","7","95","100","87","4.0","1006.78","16","26",2017-10-11
"2017-10-12","10","13","7","9","95","100","81","3.0","1007.80","13","28",2017-10-12
"2017-10-13","8","10","7","7","92","100","82","4.0","1006.27","22","35",2017-10-13
"2017-10-14","10","13","6","7","93","100","80","9.0","1015.66","13","18",2017-10-14
"2017-10-15","11","13","9","9","85","100","59","0.0","1016.65","17","24",2017-10-15
"2017-10-16","11","15","7","10","95","100","77","0.0","1019.55","11","22",2017-10-16
"2017-10-17","12","14","10","11","92","100","70","0.0","1018.88","12","26",2017-10-17
"2017-10-18","12","14","10","10","85","100","57","0.0","1013.47","16","24",2017-10-18
"2017-10-19","8","12","3","6","81","100","41","0.0","1018.12","8","17",2017-10-19
"2017-10-20","5","10","0","2","77","100","45","0.0","1021.68","4","17",2017-10-20
"2017-10-21","4","5","2","3","87","100","61","4.0","1018.68","9","15",2017-10-21
"2017-10-22","0","2","-1","-1","95","100","78","0.0","1019.73","8","17",2017-10-22
"2017-10-23","2","3","0","-1","88","93","69","0.0","1018.27","11","22",2017-10-23
"2017-10-24","2","5","-1","-3","79","93","47","0.0","1027.32","9","17",2017-10-24
"2017-10-25","1","2","0","-2","81","100","59","3.0","1023.29","17","35",2017-10-25
"2017-10-26","6","10","1","6","92","100","76","1.0","1008.94","20","33",2017-10-26
"2017-10-27","5","8","2","5","90","100","77","1.0","1005.76","10","22",2017-10-27
"2017-10-28","4","7","0","3","94","100","86","7.0","998.16","14","26",2017-10-28
"2017-10-29","5","6","4","4","94","100","87","13.0","977.98","16","30",2017-10-29
"2017-10-30","2","2","1","1","89","100","76","1.0","989.53","19","30",2017-10-30
"2017-10-31","2","4","0","-2","77","93","45","0.0","1005.51","21","30",2017-10-31
"2017-11-01","4","8","0","3","96","100","87","6.0","1007.09","12","20",2017-11-01
"2017-11-02","8","9","7","8","96","100","87","7.0","999.57","12","22",2017-11-02
"2017-11-03","6","8","5","6","96","100","87","0.3","1008.48","10","17",2017-11-03
"2017-11-04","6","7","4","5","94","100","87","0.0","1016.50","11","18",2017-11-04
"2017-11-05","6","8","4","5","89","100","69","0.0","1014.30","16","24",2017-11-05
"2017-11-06","5","7","3","4","93","100","79","0.0","1017.26","16","26",2017-11-06
"2017-11-07","6","6","5","5","92","100","74","0.0","1027.03","7","15",2017-11-07
"2017-11-08","5","7","3","5","91","100","75","0.0","1029.17","8","18",2017-11-08
"2017-11-09","2","2","1","1","93","100","81","0.0","1022.88","14","24",2017-11-09
"2017-11-10","3","5","1","3","96","100","84","0.3","1010.57","15","24",2017-11-10
"2017-11-11","2","4","1","2","90","100","68","0.5","998.87","23","30",2017-11-11
"2017-11-12","2","4","0","1","85","93","69","0.0","999.25","20","28",2017-11-12
"2017-11-13","1","2","0","-0","91","100","68","5.0","1006.40","12","22",2017-11-13
"2017-11-14","2","3","0","1","96","100","87","0.0","1013.98","10","20",2017-11-14
"2017-11-15","2","5","0","2","94","100","86","1.0","1017.91","17","24",2017-11-15
"2017-11-16","2","5","0","2","88","100","66","0.0","1022.91","14","24",2017-11-16
"2017-11-17","2","5","0","2","93","100","75","0.2","1019.12","13","32",2017-11-17
"2017-11-18","2","4","1","1","89","100","75","0.0","1013.09","16","26",2017-11-18
"2017-11-19","1","2","0","0","91","100","77","1.0","1001.66","17","22",2017-11-19
"2017-11-20","1","2","0","1","92","100","87","0.7","1003.59","13","18",2017-11-20
"2017-11-21","0","2","-1","-0","95","100","75","0.0","1008.75","6","13",2017-11-21
"2017-11-22","-2","0","-3","-3","86","100","76","0.0","1014.13","9","17",2017-11-22
"2017-11-23","0","2","-2","-2","90","100","72","0.8","1015.66","19","30",2017-11-23
"2017-11-24","2","2","1","1","97","100","90","0.0","1013.78","20","32",2017-11-24
"2017-11-25","3","5","1","4","98","100","89","0.7","1010.86","16","28",2017-11-25
"2017-11-26","3","5","1","2","93","100","80","0.0","1012.11","16","30",2017-11-26
"2017-11-27","2","3","0","-1","92","100","67","0.0","1017.32","6","17",2017-11-27
"2017-11-28","0","2","-1","-2","80","93","58","0.0","1013.96","15","28",2017-11-28
"2017-11-29","0","1","0","-0","92","93","80","0.0","1009.85","17","24",2017-11-29
"2017-11-30","0","1","0","-0","96","100","80","4.0","1007.47","15","22",2017-11-30
"2017-12-01","0","1","0","-0","95","100","86","0.6","1002.03","19","30",2017-12-01
"2017-12-02","1","2","0","1","93","100","87","0.0","1019.11","14","20",2017-12-02
"2017-12-03","-2","1","-4","-2","91","100","75","0.0","1019.89","10","18",2017-12-03
"2017-12-04","-2","0","-3","-3","94","100","77","2.0","1008.21","13","20",2017-12-04
"2017-12-05","0","2","-1","-1","92","100","80","0.0","1011.69","15","33",2017-12-05
"2017-12-06","0","1","0","-0","91","100","78","0.0","1007.75","16","33",2017-12-06
"2017-12-07","2","4","0","1","97","100","90","6.0","1008.35","10","20",2017-12-07
"2017-12-08","2","3","0","1","94","100","80","0.5","1001.81","19","30",2017-12-08
"2017-12-09","0","1","-1","-0","92","100","81","0.0","1003.71","13","20",2017-12-09
"2017-12-10","-2","0","-4","-3","94","100","85","0.0","1001.39","11","17",2017-12-10
"2017-12-11","-1","1","-3","-2","91","100","78","0.4","997.80","17","24",2017-12-11
"2017-12-12","4","7","0","2","86","93","49","0.0","998.07","20","37",2017-12-12
"2017-12-13","-0","2","-3","-3","77","93","55","0.0","1009.22","21","33",2017-12-13
"2017-12-14","-1","1","-3","-2","91","100","72","2.0","998.07","19","33",2017-12-14
"2017-12-15","0","1","0","-0","94","100","79","2.0","997.41","19","32",2017-12-15
"2017-12-16","-1","0","-2","-1","97","100","88","0.0","1000.33","7","17",2017-12-16
"2017-12-17","-0","0","-1","-1","98","100","92","0.0","1013.29","9","15",2017-12-17
"2017-12-18","-2","-1","-2","-2","94","100","87","0.0","1023.26","7","17",2017-12-18
"2017-12-19","-0","0","-1","-1","93","100","86","0.0","1023.28","13","17",2017-12-19
"2017-12-20","-2","-1","-2","-3","90","94","80","0.0","1027.70","12","24",2017-12-20
"2017-12-21","-2","-1","-3","-3","94","100","79","5.0","1020.20","14","26",2017-12-21
"2017-12-22","-0","1","-2","-1","96","100","82","0.6","1014.85","10","18",2017-12-22
"2017-12-23","0","3","-2","-1","96","100","85","5.0","1007.78","16","33",2017-12-23
"2017-12-24","2","3","0","1","89","100","72","0.0","997.90","19","37",2017-12-24
"2017-12-25","4","6","1","3","97","100","87","2.0","1005.78","11","26",2017-12-25
"2017-12-26","2","4","0","2","92","100","75","0.0","1004.23","19","30",2017-12-26
"2017-12-27","1","2","0","0","98","100","93","0.0","1000.59","10","18",2017-12-27
"2017-12-28","2","4","1","1","90","100","73","0.0","998.41","17","33",2017-12-28
"2017-12-29","2","4","1","2","95","100","86","7.0","1000.85","17","26",2017-12-29
"2017-12-30","-0","1","-2","-1","93","100","84","0.0","1009.63","11","17",2017-12-30
"2017-12-31","-0","0","-1","-2","91","100","78","0.2","1003.82","17","26",2017-12-31
"2018-01-01","3","6","0","3","98","100","91","0.0","1001.32","17","30",2018-01-01
"2018-01-02","3","5","1","2","98","100","92","0.0","1007.20","13","18",2018-01-02
"2018-01-03","2","2","1","2","97","100","89","2.0","1002.20","13","20",2018-01-03
"2018-01-04","2","4","0","2","92","100","80","0.0","996.56","21","30",2018-01-04
"2018-01-05","3","4","2","2","91","100","76","1.0","997.48","21","33",2018-01-05
"2018-01-06","4","4","3","2","89","100","76","0.4","1004.66","16","26",2018-01-06
"2018-01-07","-2","0","-5","-2","86","100","67","0.2","1021.27","12","24",2018-01-07
"2018-01-08","-2","0","-5","-5","83","93","64","0.0","1030.13","14","22",2018-01-08
"2018-01-09","-2","0","-4","-3","93","100","81","0.0","1032.63","11","24",2018-01-09
"2018-01-10","-6","-4","-7","-6","95","100","87","0.0","1025.83","6","13",2018-01-10
"2018-01-11","-5","-4","-6","-6","94","100","86","0.0","1024.11","8","18",2018-01-11
"2018-01-12","-3","-1","-6","-6","80","100","52","0.0","1035.20","10","17",2018-01-12
"2018-01-13","-6","-3","-10","-10","84","93","58","0.0","1041.89","7","15",2018-01-13
"2018-01-14","-8","-8","-9","-11","83","93","66","0.0","1038.71","10","17",2018-01-14
"2018-01-15","-9","-7","-11","-13","79","86","60","0.0","1030.59","16","26",2018-01-15
"2018-01-16","-8","-5","-11","-15","63","85","26","0.0","1010.65","26","33",2018-01-16
"2018-01-17","-8","-5","-10","-9","85","93","68","4.0","992.09","19","32",2018-01-17
"2018-01-18","-3","0","-6","-4","92","100","84","0.0","997.53","11","18",2018-01-18
"2018-01-19","-2","-1","-4","-4","90","100","72","4.0","997.15","14","24",2018-01-19
"2018-01-20","-3","-2","-4","-4","95","100","86","1.0","1005.62","7","11",2018-01-20
"2018-01-21","-4","-2","-5","-6","87","93","74","0.0","1011.84","4","11",2018-01-21
"2018-01-22","-8","-6","-9","-9","89","100","76","0.0","1018.93","8","18",2018-01-22
"2018-01-23","-12","-7","-16","-14","88","93","76","0.0","1026.17","10","17",2018-01-23
"2018-01-24","-8","-1","-16","-9","92","100","78","0.5","1022.38","20","35",2018-01-24
"2018-01-25","-0","2","-3","0","94","100","81","0.0","1016.32","22","35",2018-01-25
"2018-01-26","-0","1","-2","-1","89","100","67","0.0","1019.60","18","30",2018-01-26
"2018-01-27","-0","1","-2","-2","93","100","70","1.0","1025.28","14","22",2018-01-27
"2018-01-28","2","3","0","0","96","100","86","6.0","1016.97","19","32",2018-01-28
"2018-01-29","2","5","0","2","95","100","83","7.0","1005.02","19","28",2018-01-29
"2018-01-30","0","1","-1","-1","84","100","60","1.0","1000.59","25","39",2018-01-30
"2018-01-31","1","2","0","-2","85","100","65","0.0","1011.97","14","24",2018-01-31
"2018-02-01","0","1","0","-1","95","100","72","7.0","1001.48","20","28",2018-02-01
"2018-02-02","0","1","0","-0","96","100","91","2.0","1004.56","4","11",2018-02-02
